<step title="Incoming Request" date="2024-12-12T05:19:42.824" instance="8a1838" url="/api/deployments/latest?deployer=GITHUB_ZIP_DEPLOY&amp;time=2024-12-12_05-19-09Z" method="GET" type="request" pid="87,1,22" Host="kashiwabaragpt.scm.azurewebsites.net" User-Agent="GITHUBACTIONS_DeployWebAppToAzure_9e0cbb54f05b7aae9545d9238362714469bea7624dedc6520f1f890ef7d4588e" Authorization="Bea..." Content-Type="application/json; charset=utf-8" Cookie="ARRAffinity=8a1838995f790a3ddb0d6c9a1c240936b4c4b52e18bfa748290afc2caac3c809;Path=/;HttpOnly;Secure;Domain=kashiwabaragpt.scm.azurewebsites.net; ARRAffinitySameSite=8a1838995f790a3ddb0d6c9a1c240936b4c4b52e18bfa748290afc2caac3c809;Path=/;HttpOnly;SameSite=None;Secure;Domain=kashiwabaragpt.scm.azurewebsites.net" Content-Length="0" X-ARR-LOG-ID="bf31ff2a-b4d8-4773-94c8-684abb34bf49" CLIENT-IP="20.51.198.252:38017" X-SITE-DEPLOYMENT-ID="kashiwabaragpt" WAS-DEFAULT-HOSTNAME="kashiwabaragpt.scm.azurewebsites.net" X-Forwarded-Proto="https" X-AppService-Proto="https" X-Forwarded-TlsVersion="1.3" X-WAWS-Unencoded-URL="/api/deployments/latest?deployer=GITHUB_ZIP_DEPLOY&amp;time=2024-12-12_05-19-09Z" X-Client-IP="20.51.198.252" X-Client-Port="38017" >
  <step title="Cleanup Xml Logs" date="2024-12-12T05:19:42.830" >
    <step title="Cleanup Infos" date="2024-12-12T05:19:42.893" totalFiles="432" totalCleanup="272" /><!-- duration: 4ms -->
  </step><!-- duration: 75ms -->
  <step title="DeploymentService.GetResult" date="2024-12-12T05:19:42.927" >
    <step title="DeploymentService.GetLatestDeployment" date="2024-12-12T05:19:42.934" >
      <step title="DeploymentManager.GetResults" date="2024-12-12T05:19:42.948" /><!-- duration: 647ms -->
      <step title="Deployment 320386bd-3ae8-4a9a-b3cf-078c93761b7f is Building" date="2024-12-12T05:19:43.616" /><!-- duration: 7ms -->
    </step><!-- duration: 693ms -->
  </step><!-- duration: 703ms -->
  <step title="Outgoing response" date="2024-12-12T05:19:43.636" type="response" statusCode="202" statusText="Accepted" /><!-- duration: 5ms -->
</step><!-- duration: 821ms -->
