<step title="Incoming Request" date="2024-12-04T01:41:51.145" instance="8a1838" url="/api/deployments/latest?deployer=GITHUB_ZIP_DEPLOY&amp;time=2024-12-04_01-41-36Z" method="GET" type="request" pid="93,1,18" Host="kashiwabaragpt.scm.azurewebsites.net" User-Agent="GITHUBACTIONS_DeployWebAppToAzure_9e0cbb54f05b7aae9545d9238362714469bea7624dedc6520f1f890ef7d4588e" Authorization="Bea..." Content-Type="application/json; charset=utf-8" Cookie="ARRAffinity=8a1838995f790a3ddb0d6c9a1c240936b4c4b52e18bfa748290afc2caac3c809;Path=/;HttpOnly;Secure;Domain=kashiwabaragpt.scm.azurewebsites.net; ARRAffinitySameSite=8a1838995f790a3ddb0d6c9a1c240936b4c4b52e18bfa748290afc2caac3c809;Path=/;HttpOnly;SameSite=None;Secure;Domain=kashiwabaragpt.scm.azurewebsites.net" Content-Length="0" X-ARR-LOG-ID="f0b5342b-d010-491d-bdd6-f714c0918785" CLIENT-IP="20.75.95.99:20480" X-SITE-DEPLOYMENT-ID="kashiwabaragpt" WAS-DEFAULT-HOSTNAME="kashiwabaragpt.scm.azurewebsites.net" X-Forwarded-Proto="https" X-AppService-Proto="https" X-Forwarded-TlsVersion="1.3" X-WAWS-Unencoded-URL="/api/deployments/latest?deployer=GITHUB_ZIP_DEPLOY&amp;time=2024-12-04_01-41-36Z" X-Client-IP="20.75.95.99" X-Client-Port="20480" >
  <step title="Cleanup Xml Logs" date="2024-12-04T01:41:51.160" /><!-- duration: 17ms -->
  <step title="DeploymentService.GetResult" date="2024-12-04T01:41:51.220" >
    <step title="DeploymentService.GetLatestDeployment" date="2024-12-04T01:41:51.231" >
      <step title="DeploymentManager.GetResults" date="2024-12-04T01:41:51.235" /><!-- duration: 507ms -->
      <step title="Deployment 36b1a164-c9a4-403e-8217-3632a6e83c87 is Building" date="2024-12-04T01:41:51.749" /><!-- duration: 7ms -->
    </step><!-- duration: 531ms -->
  </step><!-- duration: 549ms -->
  <step title="Outgoing response" date="2024-12-04T01:41:51.774" type="response" statusCode="202" statusText="Accepted" /><!-- duration: 4ms -->
</step><!-- duration: 641ms -->
