<step title="Incoming Request" date="2024-12-12T05:42:22.159" instance="8a1838" url="/api/deployments/latest?deployer=GITHUB_ZIP_DEPLOY&amp;time=2024-12-12_05-41-49Z" method="GET" type="request" pid="93,1,36" Host="kashiwabaragpt.scm.azurewebsites.net" User-Agent="GITHUBACTIONS_DeployWebAppToAzure_9e0cbb54f05b7aae9545d9238362714469bea7624dedc6520f1f890ef7d4588e" Authorization="Bea..." Content-Type="application/json; charset=utf-8" Cookie="ARRAffinity=8a1838995f790a3ddb0d6c9a1c240936b4c4b52e18bfa748290afc2caac3c809;Path=/;HttpOnly;Secure;Domain=kashiwabaragpt.scm.azurewebsites.net; ARRAffinitySameSite=8a1838995f790a3ddb0d6c9a1c240936b4c4b52e18bfa748290afc2caac3c809;Path=/;HttpOnly;SameSite=None;Secure;Domain=kashiwabaragpt.scm.azurewebsites.net" Content-Length="0" X-ARR-LOG-ID="938f7a81-674a-40d4-8d92-3996647a9ed0" CLIENT-IP="172.183.52.211:43073" X-SITE-DEPLOYMENT-ID="kashiwabaragpt" WAS-DEFAULT-HOSTNAME="kashiwabaragpt.scm.azurewebsites.net" X-Forwarded-Proto="https" X-AppService-Proto="https" X-Forwarded-TlsVersion="1.3" X-WAWS-Unencoded-URL="/api/deployments/latest?deployer=GITHUB_ZIP_DEPLOY&amp;time=2024-12-12_05-41-49Z" X-Client-IP="172.183.52.211" X-Client-Port="43073" >
  <step title="Cleanup Xml Logs" date="2024-12-12T05:42:22.171" >
    <step title="Cleanup Infos" date="2024-12-12T05:42:22.219" totalFiles="459" totalCleanup="299" /><!-- duration: 4ms -->
  </step><!-- duration: 65ms -->
  <step title="DeploymentService.GetResult" date="2024-12-12T05:42:22.259" >
    <step title="DeploymentService.GetLatestDeployment" date="2024-12-12T05:42:22.274" >
      <step title="DeploymentManager.GetResults" date="2024-12-12T05:42:22.280" /><!-- duration: 656ms -->
      <step title="Deployment e2835380-f401-4338-a103-b341f1e2e22b is Building" date="2024-12-12T05:42:22.948" /><!-- duration: 7ms -->
    </step><!-- duration: 688ms -->
  </step><!-- duration: 707ms -->
  <step title="Outgoing response" date="2024-12-12T05:42:22.975" type="response" statusCode="202" statusText="Accepted" /><!-- duration: 7ms -->
</step><!-- duration: 827ms -->
