<step title="Incoming Request" date="2024-12-04T00:48:45.032" instance="8a1838" url="/api/deployments/latest?deployer=GITHUB_ZIP_DEPLOY&amp;time=2024-12-04_00-48-08Z" method="GET" type="request" pid="93,1,21" Host="kashiwabaragpt.scm.azurewebsites.net" User-Agent="GITHUBACTIONS_DeployWebAppToAzure_9e0cbb54f05b7aae9545d9238362714469bea7624dedc6520f1f890ef7d4588e" Authorization="Bea..." Content-Type="application/json; charset=utf-8" Cookie="ARRAffinity=8a1838995f790a3ddb0d6c9a1c240936b4c4b52e18bfa748290afc2caac3c809;Path=/;HttpOnly;Secure;Domain=kashiwabaragpt.scm.azurewebsites.net; ARRAffinitySameSite=8a1838995f790a3ddb0d6c9a1c240936b4c4b52e18bfa748290afc2caac3c809;Path=/;HttpOnly;SameSite=None;Secure;Domain=kashiwabaragpt.scm.azurewebsites.net" Content-Length="0" X-ARR-LOG-ID="c8774c70-fa49-4080-be1c-394bff8c3e1b" CLIENT-IP="20.49.55.109:28905" X-SITE-DEPLOYMENT-ID="kashiwabaragpt" WAS-DEFAULT-HOSTNAME="kashiwabaragpt.scm.azurewebsites.net" X-Forwarded-Proto="https" X-AppService-Proto="https" X-Forwarded-TlsVersion="1.3" X-WAWS-Unencoded-URL="/api/deployments/latest?deployer=GITHUB_ZIP_DEPLOY&amp;time=2024-12-04_00-48-08Z" X-Client-IP="20.49.55.109" X-Client-Port="28905" >
  <step title="Cleanup Xml Logs" date="2024-12-04T00:48:45.091" /><!-- duration: 74ms -->
  <step title="DeploymentService.GetResult" date="2024-12-04T00:48:45.193" >
    <step title="DeploymentService.GetLatestDeployment" date="2024-12-04T00:48:45.200" >
      <step title="DeploymentManager.GetResults" date="2024-12-04T00:48:45.209" /><!-- duration: 883ms -->
      <step title="Deployment 9ea47b93-bb89-4f9d-b85c-14ecf9459327 is Building" date="2024-12-04T00:48:46.100" /><!-- duration: 18ms -->
    </step><!-- duration: 925ms -->
  </step><!-- duration: 939ms -->
  <step title="Outgoing response" date="2024-12-04T00:48:46.138" type="response" statusCode="202" statusText="Accepted" /><!-- duration: 4ms -->
</step><!-- duration: 1114ms -->
