<step title="Incoming Request" date="2024-12-04T03:30:08.809" instance="8a1838" url="/api/deployments/latest?deployer=GITHUB_ZIP_DEPLOY&amp;time=2024-12-04_03-29-36Z" method="GET" type="request" pid="93,1,7" Host="kashiwabaragpt.scm.azurewebsites.net" User-Agent="GITHUBACTIONS_DeployWebAppToAzure_9e0cbb54f05b7aae9545d9238362714469bea7624dedc6520f1f890ef7d4588e" Authorization="Bea..." Content-Type="application/json; charset=utf-8" Cookie="ARRAffinity=8a1838995f790a3ddb0d6c9a1c240936b4c4b52e18bfa748290afc2caac3c809;Path=/;HttpOnly;Secure;Domain=kashiwabaragpt.scm.azurewebsites.net; ARRAffinitySameSite=8a1838995f790a3ddb0d6c9a1c240936b4c4b52e18bfa748290afc2caac3c809;Path=/;HttpOnly;SameSite=None;Secure;Domain=kashiwabaragpt.scm.azurewebsites.net" Content-Length="0" X-ARR-LOG-ID="039f7e5b-c7f1-4a37-846d-9472c8396e51" CLIENT-IP="172.183.106.65:16649" X-SITE-DEPLOYMENT-ID="kashiwabaragpt" WAS-DEFAULT-HOSTNAME="kashiwabaragpt.scm.azurewebsites.net" X-Forwarded-Proto="https" X-AppService-Proto="https" X-Forwarded-TlsVersion="1.3" X-WAWS-Unencoded-URL="/api/deployments/latest?deployer=GITHUB_ZIP_DEPLOY&amp;time=2024-12-04_03-29-36Z" X-Client-IP="172.183.106.65" X-Client-Port="16649" >
  <step title="Cleanup Xml Logs" date="2024-12-04T03:30:08.814" /><!-- duration: 26ms -->
  <step title="DeploymentService.GetResult" date="2024-12-04T03:30:08.900" >
    <step title="DeploymentService.GetLatestDeployment" date="2024-12-04T03:30:08.908" >
      <step title="DeploymentManager.GetResults" date="2024-12-04T03:30:08.922" /><!-- duration: 546ms -->
      <step title="Deployment ceb6fda8-62e6-4e73-a963-c536e20f82db is Building" date="2024-12-04T03:30:09.475" /><!-- duration: 4ms -->
    </step><!-- duration: 579ms -->
  </step><!-- duration: 597ms -->
  <step title="Outgoing response" date="2024-12-04T03:30:09.502" type="response" statusCode="202" statusText="Accepted" /><!-- duration: 4ms -->
</step><!-- duration: 700ms -->
