<step title="Incoming Request" date="2024-06-14T07:32:32.922" instance="3c1047" url="/api/deployments/latest?deployer=GITHUB_ZIP_DEPLOY&amp;time=2024-06-14_07-32-20Z" method="GET" type="request" pid="93,1,19" Host="kashiwabaragpt.scm.azurewebsites.net" User-Agent="GITHUBACTIONS_DeployWebAppToAzure_9e0cbb54f05b7aae9545d9238362714469bea7624dedc6520f1f890ef7d4588e" Authorization="Bea..." Content-Type="application/json; charset=utf-8" Cookie="ARRAffinity=3c10472245338208afd4ddb06a0fc7a3e93be27145f1e0a442a8d96e9674f38a;Path=/;HttpOnly;Secure;Domain=kashiwabaragpt.scm.azurewebsites.net; ARRAffinitySameSite=3c10472245338208afd4ddb06a0fc7a3e93be27145f1e0a442a8d96e9674f38a;Path=/;HttpOnly;SameSite=None;Secure;Domain=kashiwabaragpt.scm.azurewebsites.net" Content-Length="0" X-ARR-LOG-ID="97be8eb4-18d7-41ab-8139-7cb0275fb4b6" CLIENT-IP="20.55.15.36:37920" X-Client-IP="20.55.15.36" X-SITE-DEPLOYMENT-ID="kashiwabaragpt" WAS-DEFAULT-HOSTNAME="kashiwabaragpt.scm.azurewebsites.net" X-Forwarded-Proto="https" X-AppService-Proto="https" X-Forwarded-TlsVersion="1.3" X-WAWS-Unencoded-URL="/api/deployments/latest?deployer=GITHUB_ZIP_DEPLOY&amp;time=2024-06-14_07-32-20Z" X-Client-Port="37920" >
  <step title="Cleanup Xml Logs" date="2024-06-14T07:32:32.944" /><!-- duration: 9ms -->
  <step title="DeploymentService.GetResult" date="2024-06-14T07:32:32.962" >
    <step title="DeploymentService.GetLatestDeployment" date="2024-06-14T07:32:32.967" >
      <step title="DeploymentManager.GetResults" date="2024-06-14T07:32:32.978" /><!-- duration: 297ms -->
      <step title="Deployment f8992ea9-8367-4d90-8d84-5e77e53504f1 is Building" date="2024-06-14T07:32:33.282" /><!-- duration: 3ms -->
    </step><!-- duration: 322ms -->
  </step><!-- duration: 330ms -->
  <step title="Outgoing response" date="2024-06-14T07:32:33.296" type="response" statusCode="202" statusText="Accepted" /><!-- duration: 3ms -->
</step><!-- duration: 380ms -->
