<step title="Incoming Request" date="2024-12-12T05:41:56.247" instance="8a1838" url="/api/deployments/latest?deployer=GITHUB_ZIP_DEPLOY&amp;time=2024-12-12_05-41-49Z" method="GET" type="request" pid="93,1,29" Host="kashiwabaragpt.scm.azurewebsites.net" User-Agent="GITHUBACTIONS_DeployWebAppToAzure_9e0cbb54f05b7aae9545d9238362714469bea7624dedc6520f1f890ef7d4588e" Authorization="Bea..." Content-Type="application/json; charset=utf-8" Cookie="ARRAffinity=8a1838995f790a3ddb0d6c9a1c240936b4c4b52e18bfa748290afc2caac3c809;Path=/;HttpOnly;Secure;Domain=kashiwabaragpt.scm.azurewebsites.net; ARRAffinitySameSite=8a1838995f790a3ddb0d6c9a1c240936b4c4b52e18bfa748290afc2caac3c809;Path=/;HttpOnly;SameSite=None;Secure;Domain=kashiwabaragpt.scm.azurewebsites.net" Content-Length="0" X-ARR-LOG-ID="fdb1f409-1d4e-4d73-8a5e-4f81664a4c1c" CLIENT-IP="172.183.52.211:43073" X-SITE-DEPLOYMENT-ID="kashiwabaragpt" WAS-DEFAULT-HOSTNAME="kashiwabaragpt.scm.azurewebsites.net" X-Forwarded-Proto="https" X-AppService-Proto="https" X-Forwarded-TlsVersion="1.3" X-WAWS-Unencoded-URL="/api/deployments/latest?deployer=GITHUB_ZIP_DEPLOY&amp;time=2024-12-12_05-41-49Z" X-Client-IP="172.183.52.211" X-Client-Port="43073" >
  <step title="Cleanup Xml Logs" date="2024-12-12T05:41:56.252" >
    <step title="Cleanup Infos" date="2024-12-12T05:41:56.278" totalFiles="455" totalCleanup="295" /><!-- duration: 4ms -->
  </step><!-- duration: 34ms -->
  <step title="DeploymentService.GetResult" date="2024-12-12T05:41:56.298" >
    <step title="DeploymentService.GetLatestDeployment" date="2024-12-12T05:41:56.302" >
      <step title="DeploymentManager.GetResults" date="2024-12-12T05:41:56.306" /><!-- duration: 464ms -->
      <step title="Deployment e2835380-f401-4338-a103-b341f1e2e22b is Pending" date="2024-12-12T05:41:56.795" /><!-- duration: 7ms -->
    </step><!-- duration: 521ms -->
  </step><!-- duration: 540ms -->
  <step title="Outgoing response" date="2024-12-12T05:41:56.846" type="response" statusCode="202" statusText="Accepted" /><!-- duration: 7ms -->
</step><!-- duration: 620ms -->
