<step title="Incoming Request" date="2024-11-28T05:13:57.806" instance="8a1838" url="/api/deployments/latest?deployer=GITHUB_ZIP_DEPLOY&amp;time=2024-11-28_05-13-12Z" method="GET" type="request" pid="93,1,58" Host="kashiwabaragpt.scm.azurewebsites.net" User-Agent="GITHUBACTIONS_DeployWebAppToAzure_9e0cbb54f05b7aae9545d9238362714469bea7624dedc6520f1f890ef7d4588e" Authorization="Bea..." Content-Type="application/json; charset=utf-8" Cookie="ARRAffinity=8a1838995f790a3ddb0d6c9a1c240936b4c4b52e18bfa748290afc2caac3c809;Path=/;HttpOnly;Secure;Domain=kashiwabaragpt.scm.azurewebsites.net; ARRAffinitySameSite=8a1838995f790a3ddb0d6c9a1c240936b4c4b52e18bfa748290afc2caac3c809;Path=/;HttpOnly;SameSite=None;Secure;Domain=kashiwabaragpt.scm.azurewebsites.net" Content-Length="0" X-ARR-LOG-ID="a6ce7f8c-281d-4154-b044-94a320c80443" CLIENT-IP="20.75.95.209:14345" X-SITE-DEPLOYMENT-ID="kashiwabaragpt" WAS-DEFAULT-HOSTNAME="kashiwabaragpt.scm.azurewebsites.net" X-Forwarded-Proto="https" X-AppService-Proto="https" X-Forwarded-TlsVersion="1.3" X-WAWS-Unencoded-URL="/api/deployments/latest?deployer=GITHUB_ZIP_DEPLOY&amp;time=2024-11-28_05-13-12Z" X-Client-IP="20.75.95.209" X-Client-Port="14345" >
  <step title="Cleanup Xml Logs" date="2024-11-28T05:13:57.836" /><!-- duration: 14ms -->
  <step title="DeploymentService.GetResult" date="2024-11-28T05:13:57.860" >
    <step title="DeploymentService.GetLatestDeployment" date="2024-11-28T05:13:57.864" >
      <step title="DeploymentManager.GetResults" date="2024-11-28T05:13:57.868" /><!-- duration: 555ms -->
      <step title="Deployment 58db284a-2c36-4ef7-bf5a-1641f358590d is Building" date="2024-11-28T05:13:58.442" /><!-- duration: 17ms -->
    </step><!-- duration: 599ms -->
  </step><!-- duration: 607ms -->
  <step title="Outgoing response" date="2024-11-28T05:13:58.473" type="response" statusCode="202" statusText="Accepted" /><!-- duration: 4ms -->
</step><!-- duration: 674ms -->
