<step title="Incoming Request" date="2024-06-14T07:32:39.030" instance="3c1047" url="/api/deployments/latest?deployer=GITHUB_ZIP_DEPLOY&amp;time=2024-06-14_07-32-20Z" method="GET" type="request" pid="93,1,19" Host="kashiwabaragpt.scm.azurewebsites.net" User-Agent="GITHUBACTIONS_DeployWebAppToAzure_9e0cbb54f05b7aae9545d9238362714469bea7624dedc6520f1f890ef7d4588e" Authorization="Bea..." Content-Type="application/json; charset=utf-8" Cookie="ARRAffinity=3c10472245338208afd4ddb06a0fc7a3e93be27145f1e0a442a8d96e9674f38a;Path=/;HttpOnly;Secure;Domain=kashiwabaragpt.scm.azurewebsites.net; ARRAffinitySameSite=3c10472245338208afd4ddb06a0fc7a3e93be27145f1e0a442a8d96e9674f38a;Path=/;HttpOnly;SameSite=None;Secure;Domain=kashiwabaragpt.scm.azurewebsites.net" Content-Length="0" X-ARR-LOG-ID="46054757-ae72-443c-a0ae-66180bb4046d" CLIENT-IP="20.55.15.36:37921" X-Client-IP="20.55.15.36" X-SITE-DEPLOYMENT-ID="kashiwabaragpt" WAS-DEFAULT-HOSTNAME="kashiwabaragpt.scm.azurewebsites.net" X-Forwarded-Proto="https" X-AppService-Proto="https" X-Forwarded-TlsVersion="1.3" X-WAWS-Unencoded-URL="/api/deployments/latest?deployer=GITHUB_ZIP_DEPLOY&amp;time=2024-06-14_07-32-20Z" X-Client-Port="37921" >
  <step title="Cleanup Xml Logs" date="2024-06-14T07:32:39.035" /><!-- duration: 8ms -->
  <step title="DeploymentService.GetResult" date="2024-06-14T07:32:39.060" >
    <step title="DeploymentService.GetLatestDeployment" date="2024-06-14T07:32:39.069" >
      <step title="DeploymentManager.GetResults" date="2024-06-14T07:32:39.076" /><!-- duration: 263ms -->
      <step title="Deployment f8992ea9-8367-4d90-8d84-5e77e53504f1 is Building" date="2024-06-14T07:32:39.345" /><!-- duration: 3ms -->
    </step><!-- duration: 283ms -->
  </step><!-- duration: 297ms -->
  <step title="Outgoing response" date="2024-06-14T07:32:39.361" type="response" statusCode="202" statusText="Accepted" /><!-- duration: 6ms -->
</step><!-- duration: 342ms -->
