<step title="Incoming Request" date="2024-12-12T05:36:44.445" instance="8a1838" url="/api/deployments/latest?deployer=GITHUB_ZIP_DEPLOY&amp;time=2024-12-12_05-36-18Z" method="GET" type="request" pid="93,1,37" Host="kashiwabaragpt.scm.azurewebsites.net" User-Agent="GITHUBACTIONS_DeployWebAppToAzure_9e0cbb54f05b7aae9545d9238362714469bea7624dedc6520f1f890ef7d4588e" Authorization="Bea..." Content-Type="application/json; charset=utf-8" Cookie="ARRAffinity=8a1838995f790a3ddb0d6c9a1c240936b4c4b52e18bfa748290afc2caac3c809;Path=/;HttpOnly;Secure;Domain=kashiwabaragpt.scm.azurewebsites.net; ARRAffinitySameSite=8a1838995f790a3ddb0d6c9a1c240936b4c4b52e18bfa748290afc2caac3c809;Path=/;HttpOnly;SameSite=None;Secure;Domain=kashiwabaragpt.scm.azurewebsites.net" Content-Length="0" X-ARR-LOG-ID="978a1a8e-7829-4ed1-8fb6-18b010592f53" CLIENT-IP="20.75.95.251:36608" X-SITE-DEPLOYMENT-ID="kashiwabaragpt" WAS-DEFAULT-HOSTNAME="kashiwabaragpt.scm.azurewebsites.net" X-Forwarded-Proto="https" X-AppService-Proto="https" X-Forwarded-TlsVersion="1.3" X-WAWS-Unencoded-URL="/api/deployments/latest?deployer=GITHUB_ZIP_DEPLOY&amp;time=2024-12-12_05-36-18Z" X-Client-IP="20.75.95.251" X-Client-Port="36608" >
  <step title="Cleanup Xml Logs" date="2024-12-12T05:36:44.460" >
    <step title="Cleanup Infos" date="2024-12-12T05:36:44.493" totalFiles="445" totalCleanup="285" /><!-- duration: 11ms -->
  </step><!-- duration: 69ms -->
  <step title="DeploymentService.GetResult" date="2024-12-12T05:36:44.552" >
    <step title="DeploymentService.GetLatestDeployment" date="2024-12-12T05:36:44.561" >
      <step title="DeploymentManager.GetResults" date="2024-12-12T05:36:44.575" /><!-- duration: 707ms -->
      <step title="Deployment 343a89e4-d69f-4b92-93a4-28e5d341fc3c is Building" date="2024-12-12T05:36:45.290" /><!-- duration: 18ms -->
    </step><!-- duration: 759ms -->
  </step><!-- duration: 791ms -->
  <step title="Outgoing response" date="2024-12-12T05:36:45.359" type="response" statusCode="202" statusText="Accepted" /><!-- duration: 4ms -->
</step><!-- duration: 945ms -->
