<step title="Incoming Request" date="2024-12-12T04:12:08.335" instance="8a1838" url="/api/zipdeploy?isAsync=true&amp;deployer=GITHUB_ZIP_DEPLOY&amp;message=%7B%22type%22%3A%22deployment%22%2C%22sha%22%3A%22fa782d3b1b12fbe5656e30931131ab4791b9a4c4%22%2C%22repoName%22%3A%22chatgptkwb%2Fprivategpt%22%2C%22actor%22%3A%22chatgptkwb%22%2C%22slotName%22%3A%22production%22%2C%22commitMessage%22%3A%22callback%22%7D" method="POST" type="request" pid="93,1,25" Host="kashiwabaragpt.scm.azurewebsites.net" User-Agent="GITHUBACTIONS_DeployWebAppToAzure_9e0cbb54f05b7aae9545d9238362714469bea7624dedc6520f1f890ef7d4588e" Authorization="Bea..." Content-Type="application/octet-stream" Cookie="ARRAffinity=8a1838995f790a3ddb0d6c9a1c240936b4c4b52e18bfa748290afc2caac3c809;Path=/;HttpOnly;Secure;Domain=kashiwabaragpt.scm.azurewebsites.net; ARRAffinitySameSite=8a1838995f790a3ddb0d6c9a1c240936b4c4b52e18bfa748290afc2caac3c809;Path=/;HttpOnly;SameSite=None;Secure;Domain=kashiwabaragpt.scm.azurewebsites.net" Transfer-Encoding="chunked" X-ARR-LOG-ID="d1bcb0d2-e4a2-40d4-ba40-15069546eaef" CLIENT-IP="4.227.175.96:1216" X-SITE-DEPLOYMENT-ID="kashiwabaragpt" WAS-DEFAULT-HOSTNAME="kashiwabaragpt.scm.azurewebsites.net" X-Forwarded-Proto="https" X-AppService-Proto="https" X-Forwarded-TlsVersion="1.3" X-WAWS-Unencoded-URL="/api/zipdeploy?isAsync=true&amp;deployer=GITHUB_ZIP_DEPLOY&amp;message=%7B%22type%22%3A%22deployment%22%2C%22sha%22%3A%22fa782d3b1b12fbe5656e30931131ab4791b9a4c4%22%2C%22repoName%22%3A%22chatgptkwb%2Fprivategpt%22%2C%22actor%22%3A%22chatgptkwb%22%2C%22slotName%22%3A%22production%22%2C%22commitMessage%22%3A%22callback%22%7D" X-Client-IP="4.227.175.96" X-Client-Port="1216" >
  <step title="ZipPushDeploy" date="2024-12-12T04:12:08.378" >
    <step title="ZipDeploy. Extract zip." date="2024-12-12T04:12:08.389" /><!-- duration: 17ms -->
    <step title="None repository commit" date="2024-12-12T04:12:08.418" >
      <step title="Commit id: 61565025-af1b-4056-a3e0-092f4193fbd9" date="2024-12-12T04:12:08.422" Message="N/A" AuthorName="N/A" AuthorEmail="N/A" /><!-- duration: 4ms -->
    </step><!-- duration: 12ms -->
    <step title="Starting PushDeployAsync" date="2024-12-12T04:12:08.434" /><!-- duration: 4ms -->
    <step title="Writing artifact to /tmp/zipdeploy/63f4604a-4331-4349-a98b-a79d98252c5c.zip" date="2024-12-12T04:12:08.459" >
      <step title="Writing request body to artifacts at /tmp/zipdeploy/63f4604a-4331-4349-a98b-a79d98252c5c.zip" date="2024-12-12T04:12:08.469" /><!-- duration: 4ms -->
    </step><!-- duration: 1173ms -->
    <step title="Start deployment in the background" date="2024-12-12T04:12:09.656" >
      <step title="Acquiring Deployment Lock" date="2024-12-12T04:12:09.681" /><!-- duration: 4ms -->
      <step title="Acquired Deployment Lock" date="2024-12-12T04:12:09.724" /><!-- duration: 11ms -->
    </step><!-- duration: 203ms -->
  </step><!-- duration: 1488ms -->
  <step title="Outgoing response" date="2024-12-12T04:12:09.875" type="response" statusCode="202" statusText="Accepted" /><!-- duration: 4ms -->
</step><!-- duration: 1548ms -->
