<step title="Incoming Request" date="2024-12-12T04:22:03.298" instance="8a1838" url="/api/deployments/latest?deployer=GITHUB_ZIP_DEPLOY&amp;time=2024-12-12_04-21-50Z" method="GET" type="request" pid="92,1,24" Host="kashiwabaragpt.scm.azurewebsites.net" User-Agent="GITHUBACTIONS_DeployWebAppToAzure_9e0cbb54f05b7aae9545d9238362714469bea7624dedc6520f1f890ef7d4588e" Authorization="Bea..." Content-Type="application/json; charset=utf-8" Cookie="ARRAffinity=8a1838995f790a3ddb0d6c9a1c240936b4c4b52e18bfa748290afc2caac3c809;Path=/;HttpOnly;Secure;Domain=kashiwabaragpt.scm.azurewebsites.net; ARRAffinitySameSite=8a1838995f790a3ddb0d6c9a1c240936b4c4b52e18bfa748290afc2caac3c809;Path=/;HttpOnly;SameSite=None;Secure;Domain=kashiwabaragpt.scm.azurewebsites.net" Content-Length="0" X-ARR-LOG-ID="5fbd296a-28b1-4c5c-9c05-fd6a5326cc82" CLIENT-IP="52.234.40.19:34840" X-SITE-DEPLOYMENT-ID="kashiwabaragpt" WAS-DEFAULT-HOSTNAME="kashiwabaragpt.scm.azurewebsites.net" X-Forwarded-Proto="https" X-AppService-Proto="https" X-Forwarded-TlsVersion="1.3" X-WAWS-Unencoded-URL="/api/deployments/latest?deployer=GITHUB_ZIP_DEPLOY&amp;time=2024-12-12_04-21-50Z" X-Client-IP="52.234.40.19" X-Client-Port="34840" >
  <step title="Cleanup Xml Logs" date="2024-12-12T04:22:03.306" >
    <step title="Cleanup Infos" date="2024-12-12T04:22:03.350" totalFiles="360" totalCleanup="200" /><!-- duration: 14ms -->
  </step><!-- duration: 64ms -->
  <step title="DeploymentService.GetResult" date="2024-12-12T04:22:03.404" >
    <step title="DeploymentService.GetLatestDeployment" date="2024-12-12T04:22:03.412" >
      <step title="DeploymentManager.GetResults" date="2024-12-12T04:22:03.433" /><!-- duration: 957ms -->
      <step title="Deployment e1a9ea4a-050f-4e4e-a843-e4c1abd01970 is Building" date="2024-12-12T04:22:04.425" /><!-- duration: 13ms -->
    </step><!-- duration: 1034ms -->
  </step><!-- duration: 1055ms -->
  <step title="Outgoing response" date="2024-12-12T04:22:04.469" type="response" statusCode="202" statusText="Accepted" /><!-- duration: 14ms -->
</step><!-- duration: 1192ms -->
