<step title="Incoming Request" date="2024-11-18T22:52:47.366" instance="8a1838" url="/api/deployments/latest?deployer=GITHUB_ZIP_DEPLOY&amp;time=2024-11-18_22-51-50Z" method="GET" type="request" pid="92,1,7" Host="kashiwabaragpt.scm.azurewebsites.net" User-Agent="GITHUBACTIONS_DeployWebAppToAzure_9e0cbb54f05b7aae9545d9238362714469bea7624dedc6520f1f890ef7d4588e" Authorization="Bea..." Content-Type="application/json; charset=utf-8" Cookie="ARRAffinity=8a1838995f790a3ddb0d6c9a1c240936b4c4b52e18bfa748290afc2caac3c809;Path=/;HttpOnly;Secure;Domain=kashiwabaragpt.scm.azurewebsites.net; ARRAffinitySameSite=8a1838995f790a3ddb0d6c9a1c240936b4c4b52e18bfa748290afc2caac3c809;Path=/;HttpOnly;SameSite=None;Secure;Domain=kashiwabaragpt.scm.azurewebsites.net" Content-Length="0" X-ARR-LOG-ID="d7e78db0-c4b8-4a61-8db7-e59d5ea5d7ce" CLIENT-IP="20.55.15.24:29761" X-SITE-DEPLOYMENT-ID="kashiwabaragpt" WAS-DEFAULT-HOSTNAME="kashiwabaragpt.scm.azurewebsites.net" X-Forwarded-Proto="https" X-AppService-Proto="https" X-Forwarded-TlsVersion="1.3" X-WAWS-Unencoded-URL="/api/deployments/latest?deployer=GITHUB_ZIP_DEPLOY&amp;time=2024-11-18_22-51-50Z" X-Client-IP="20.55.15.24" X-Client-Port="29761" >
  <step title="Cleanup Xml Logs" date="2024-11-18T22:52:47.371" /><!-- duration: 28ms -->
  <step title="DeploymentService.GetResult" date="2024-11-18T22:52:47.417" >
    <step title="DeploymentService.GetLatestDeployment" date="2024-11-18T22:52:47.424" >
      <step title="DeploymentManager.GetResults" date="2024-11-18T22:52:47.432" /><!-- duration: 516ms -->
      <step title="Deployment 280bf546-1712-4454-869e-45588f34a347 is Building" date="2024-11-18T22:52:47.952" /><!-- duration: 4ms -->
    </step><!-- duration: 535ms -->
  </step><!-- duration: 547ms -->
  <step title="Outgoing response" date="2024-11-18T22:52:47.969" type="response" statusCode="202" statusText="Accepted" /><!-- duration: 4ms -->
</step><!-- duration: 611ms -->
