<step title="Incoming Request" date="2024-12-12T04:28:37.757" instance="8a1838" url="/api/zipdeploy?isAsync=true&amp;deployer=GITHUB_ZIP_DEPLOY&amp;message=%7B%22type%22%3A%22deployment%22%2C%22sha%22%3A%22593accba970aa4555d45fdb7335c355d9d4a8268%22%2C%22repoName%22%3A%22chatgptkwb%2Fprivategpt%22%2C%22actor%22%3A%22chatgptkwb%22%2C%22slotName%22%3A%22production%22%2C%22commitMessage%22%3A%22alert%22%7D" method="POST" type="request" pid="93,1,16" Host="kashiwabaragpt.scm.azurewebsites.net" User-Agent="GITHUBACTIONS_DeployWebAppToAzure_9e0cbb54f05b7aae9545d9238362714469bea7624dedc6520f1f890ef7d4588e" Authorization="Bea..." Content-Type="application/octet-stream" Cookie="ARRAffinity=8a1838995f790a3ddb0d6c9a1c240936b4c4b52e18bfa748290afc2caac3c809;Path=/;HttpOnly;Secure;Domain=kashiwabaragpt.scm.azurewebsites.net; ARRAffinitySameSite=8a1838995f790a3ddb0d6c9a1c240936b4c4b52e18bfa748290afc2caac3c809;Path=/;HttpOnly;SameSite=None;Secure;Domain=kashiwabaragpt.scm.azurewebsites.net" Transfer-Encoding="chunked" X-ARR-LOG-ID="4f8a6799-0707-46d4-9f1f-066d85315a3b" CLIENT-IP="4.227.115.15:10368" X-SITE-DEPLOYMENT-ID="kashiwabaragpt" WAS-DEFAULT-HOSTNAME="kashiwabaragpt.scm.azurewebsites.net" X-Forwarded-Proto="https" X-AppService-Proto="https" X-Forwarded-TlsVersion="1.3" X-WAWS-Unencoded-URL="/api/zipdeploy?isAsync=true&amp;deployer=GITHUB_ZIP_DEPLOY&amp;message=%7B%22type%22%3A%22deployment%22%2C%22sha%22%3A%22593accba970aa4555d45fdb7335c355d9d4a8268%22%2C%22repoName%22%3A%22chatgptkwb%2Fprivategpt%22%2C%22actor%22%3A%22chatgptkwb%22%2C%22slotName%22%3A%22production%22%2C%22commitMessage%22%3A%22alert%22%7D" X-Client-IP="4.227.115.15" X-Client-Port="10368" >
  <step title="ZipPushDeploy" date="2024-12-12T04:28:37.798" >
    <step title="ZipDeploy. Extract zip." date="2024-12-12T04:28:37.817" /><!-- duration: 4ms -->
    <step title="None repository commit" date="2024-12-12T04:28:37.830" >
      <step title="Commit id: 59b63ee4-4f21-4df6-a59c-cdf54e24b4de" date="2024-12-12T04:28:37.834" Message="N/A" AuthorName="N/A" AuthorEmail="N/A" /><!-- duration: 4ms -->
    </step><!-- duration: 14ms -->
    <step title="Starting PushDeployAsync" date="2024-12-12T04:28:37.848" /><!-- duration: 4ms -->
    <step title="Writing artifact to /tmp/zipdeploy/9ae75ebf-f1df-4067-81a2-ac5d58b2ece0.zip" date="2024-12-12T04:28:37.869" >
      <step title="Writing request body to artifacts at /tmp/zipdeploy/9ae75ebf-f1df-4067-81a2-ac5d58b2ece0.zip" date="2024-12-12T04:28:37.873" /><!-- duration: 4ms -->
    </step><!-- duration: 750ms -->
    <step title="Start deployment in the background" date="2024-12-12T04:28:38.635" >
      <step title="Acquiring Deployment Lock" date="2024-12-12T04:28:38.649" /><!-- duration: 4ms -->
      <step title="Acquired Deployment Lock" date="2024-12-12T04:28:38.683" /><!-- duration: 4ms -->
    </step><!-- duration: 169ms -->
  </step><!-- duration: 1012ms -->
  <step title="Outgoing response" date="2024-12-12T04:28:38.817" type="response" statusCode="202" statusText="Accepted" /><!-- duration: 4ms -->
</step><!-- duration: 1068ms -->
