<step title="Incoming Request" date="2024-12-12T05:48:24.440" instance="8a1838" url="/api/deployments/latest?deployer=GITHUB_ZIP_DEPLOY&amp;time=2024-12-12_05-47-39Z" method="GET" type="request" pid="93,1,25" Host="kashiwabaragpt.scm.azurewebsites.net" User-Agent="GITHUBACTIONS_DeployWebAppToAzure_9e0cbb54f05b7aae9545d9238362714469bea7624dedc6520f1f890ef7d4588e" Authorization="Bea..." Content-Type="application/json; charset=utf-8" Cookie="ARRAffinity=8a1838995f790a3ddb0d6c9a1c240936b4c4b52e18bfa748290afc2caac3c809;Path=/;HttpOnly;Secure;Domain=kashiwabaragpt.scm.azurewebsites.net; ARRAffinitySameSite=8a1838995f790a3ddb0d6c9a1c240936b4c4b52e18bfa748290afc2caac3c809;Path=/;HttpOnly;SameSite=None;Secure;Domain=kashiwabaragpt.scm.azurewebsites.net" Content-Length="0" X-ARR-LOG-ID="b175f3bb-b7a6-4694-b7c1-dd320565c179" CLIENT-IP="20.172.24.210:54289" X-SITE-DEPLOYMENT-ID="kashiwabaragpt" WAS-DEFAULT-HOSTNAME="kashiwabaragpt.scm.azurewebsites.net" X-Forwarded-Proto="https" X-AppService-Proto="https" X-Forwarded-TlsVersion="1.3" X-WAWS-Unencoded-URL="/api/deployments/latest?deployer=GITHUB_ZIP_DEPLOY&amp;time=2024-12-12_05-47-39Z" X-Client-IP="20.172.24.210" X-Client-Port="54289" >
  <step title="Cleanup Xml Logs" date="2024-12-12T05:48:24.449" >
    <step title="Cleanup Infos" date="2024-12-12T05:48:24.495" totalFiles="474" totalCleanup="314" /><!-- duration: 8ms -->
  </step><!-- duration: 60ms -->
  <step title="DeploymentService.GetResult" date="2024-12-12T05:48:24.529" >
    <step title="DeploymentService.GetLatestDeployment" date="2024-12-12T05:48:24.534" >
      <step title="DeploymentManager.GetResults" date="2024-12-12T05:48:24.540" /><!-- duration: 674ms -->
      <step title="Deployment 106f2816-5361-4035-80a6-00adf5d7218b is Building" date="2024-12-12T05:48:25.218" /><!-- duration: 15ms -->
    </step><!-- duration: 704ms -->
  </step><!-- duration: 717ms -->
  <step title="Outgoing response" date="2024-12-12T05:48:25.263" type="response" statusCode="202" statusText="Accepted" /><!-- duration: 20ms -->
</step><!-- duration: 850ms -->
