<step title="Incoming Request" date="2024-11-07T05:18:56.124" instance="9d19d1" url="/api/deployments/latest?deployer=GITHUB_ZIP_DEPLOY&amp;time=2024-11-07_05-18-22Z" method="GET" type="request" pid="93,1,40" Host="kashiwabaragpt.scm.azurewebsites.net" User-Agent="GITHUBACTIONS_DeployWebAppToAzure_9e0cbb54f05b7aae9545d9238362714469bea7624dedc6520f1f890ef7d4588e" Authorization="Bea..." Content-Type="application/json; charset=utf-8" Cookie="ARRAffinity=9d19d15556ed3c42a42f8cf745e7174cbeff39934dfef30365a8b45a6761885b;Path=/;HttpOnly;Secure;Domain=kashiwabaragpt.scm.azurewebsites.net; ARRAffinitySameSite=9d19d15556ed3c42a42f8cf745e7174cbeff39934dfef30365a8b45a6761885b;Path=/;HttpOnly;SameSite=None;Secure;Domain=kashiwabaragpt.scm.azurewebsites.net" Content-Length="0" X-ARR-LOG-ID="049d0adf-bc81-4b17-94d0-f4463fabdcd1" CLIENT-IP="74.249.14.210:44545" X-Client-IP="74.249.14.210" X-SITE-DEPLOYMENT-ID="kashiwabaragpt" WAS-DEFAULT-HOSTNAME="kashiwabaragpt.scm.azurewebsites.net" X-Forwarded-Proto="https" X-AppService-Proto="https" X-Forwarded-TlsVersion="1.3" X-WAWS-Unencoded-URL="/api/deployments/latest?deployer=GITHUB_ZIP_DEPLOY&amp;time=2024-11-07_05-18-22Z" X-Client-Port="44545" >
  <step title="Cleanup Xml Logs" date="2024-11-07T05:18:56.127" /><!-- duration: 7ms -->
  <step title="DeploymentService.GetResult" date="2024-11-07T05:18:56.143" >
    <step title="DeploymentService.GetLatestDeployment" date="2024-11-07T05:18:56.148" >
      <step title="DeploymentManager.GetResults" date="2024-11-07T05:18:56.151" /><!-- duration: 236ms -->
      <step title="Deployment 460ed95c-aa03-4208-8053-16d072ed43b0 is Building" date="2024-11-07T05:18:56.414" /><!-- duration: 4ms -->
    </step><!-- duration: 275ms -->
  </step><!-- duration: 283ms -->
  <step title="Outgoing response" date="2024-11-07T05:18:56.430" type="response" statusCode="202" statusText="Accepted" /><!-- duration: 4ms -->
</step><!-- duration: 313ms -->
