<step title="Incoming Request" date="2024-12-04T03:30:02.325" instance="8a1838" url="/api/deployments/latest?deployer=GITHUB_ZIP_DEPLOY&amp;time=2024-12-04_03-29-36Z" method="GET" type="request" pid="93,1,7" Host="kashiwabaragpt.scm.azurewebsites.net" User-Agent="GITHUBACTIONS_DeployWebAppToAzure_9e0cbb54f05b7aae9545d9238362714469bea7624dedc6520f1f890ef7d4588e" Authorization="Bea..." Content-Type="application/json; charset=utf-8" Cookie="ARRAffinity=8a1838995f790a3ddb0d6c9a1c240936b4c4b52e18bfa748290afc2caac3c809;Path=/;HttpOnly;Secure;Domain=kashiwabaragpt.scm.azurewebsites.net; ARRAffinitySameSite=8a1838995f790a3ddb0d6c9a1c240936b4c4b52e18bfa748290afc2caac3c809;Path=/;HttpOnly;SameSite=None;Secure;Domain=kashiwabaragpt.scm.azurewebsites.net" Content-Length="0" X-ARR-LOG-ID="311dc065-18f3-479f-89b2-f8cb8564f576" CLIENT-IP="172.183.106.65:16648" X-SITE-DEPLOYMENT-ID="kashiwabaragpt" WAS-DEFAULT-HOSTNAME="kashiwabaragpt.scm.azurewebsites.net" X-Forwarded-Proto="https" X-AppService-Proto="https" X-Forwarded-TlsVersion="1.3" X-WAWS-Unencoded-URL="/api/deployments/latest?deployer=GITHUB_ZIP_DEPLOY&amp;time=2024-12-04_03-29-36Z" X-Client-IP="172.183.106.65" X-Client-Port="16648" >
  <step title="Cleanup Xml Logs" date="2024-12-04T03:30:02.333" /><!-- duration: 44ms -->
  <step title="DeploymentService.GetResult" date="2024-12-04T03:30:02.398" >
    <step title="DeploymentService.GetLatestDeployment" date="2024-12-04T03:30:02.406" >
      <step title="DeploymentManager.GetResults" date="2024-12-04T03:30:02.414" /><!-- duration: 743ms -->
      <step title="Deployment ceb6fda8-62e6-4e73-a963-c536e20f82db is Building" date="2024-12-04T03:30:03.170" /><!-- duration: 4ms -->
    </step><!-- duration: 772ms -->
  </step><!-- duration: 785ms -->
  <step title="Outgoing response" date="2024-12-04T03:30:03.200" type="response" statusCode="202" statusText="Accepted" /><!-- duration: 6ms -->
</step><!-- duration: 886ms -->
