<step title="Incoming Request" date="2024-11-18T22:52:09.934" instance="8a1838" url="/api/deployments/latest?deployer=GITHUB_ZIP_DEPLOY&amp;time=2024-11-18_22-51-50Z" method="GET" type="request" pid="92,1,17" Host="kashiwabaragpt.scm.azurewebsites.net" User-Agent="GITHUBACTIONS_DeployWebAppToAzure_9e0cbb54f05b7aae9545d9238362714469bea7624dedc6520f1f890ef7d4588e" Authorization="Bea..." Content-Type="application/json; charset=utf-8" Cookie="ARRAffinity=8a1838995f790a3ddb0d6c9a1c240936b4c4b52e18bfa748290afc2caac3c809;Path=/;HttpOnly;Secure;Domain=kashiwabaragpt.scm.azurewebsites.net; ARRAffinitySameSite=8a1838995f790a3ddb0d6c9a1c240936b4c4b52e18bfa748290afc2caac3c809;Path=/;HttpOnly;SameSite=None;Secure;Domain=kashiwabaragpt.scm.azurewebsites.net" Content-Length="0" X-ARR-LOG-ID="75e76e4a-d593-45da-b246-dc8c7f36b221" CLIENT-IP="20.55.15.24:29761" X-SITE-DEPLOYMENT-ID="kashiwabaragpt" WAS-DEFAULT-HOSTNAME="kashiwabaragpt.scm.azurewebsites.net" X-Forwarded-Proto="https" X-AppService-Proto="https" X-Forwarded-TlsVersion="1.3" X-WAWS-Unencoded-URL="/api/deployments/latest?deployer=GITHUB_ZIP_DEPLOY&amp;time=2024-11-18_22-51-50Z" X-Client-IP="20.55.15.24" X-Client-Port="29761" >
  <step title="Cleanup Xml Logs" date="2024-11-18T22:52:09.956" /><!-- duration: 16ms -->
  <step title="DeploymentService.GetResult" date="2024-11-18T22:52:09.987" >
    <step title="DeploymentService.GetLatestDeployment" date="2024-11-18T22:52:09.995" >
      <step title="DeploymentManager.GetResults" date="2024-11-18T22:52:10.003" /><!-- duration: 476ms -->
      <step title="Deployment 280bf546-1712-4454-869e-45588f34a347 is Building" date="2024-11-18T22:52:10.498" /><!-- duration: 9ms -->
    </step><!-- duration: 526ms -->
  </step><!-- duration: 542ms -->
  <step title="Outgoing response" date="2024-11-18T22:52:10.536" type="response" statusCode="202" statusText="Accepted" /><!-- duration: 9ms -->
</step><!-- duration: 622ms -->
