<step title="Incoming Request" date="2024-12-12T04:22:22.864" instance="8a1838" url="/api/deployments/latest?deployer=GITHUB_ZIP_DEPLOY&amp;time=2024-12-12_04-21-50Z" method="GET" type="request" pid="92,1,27" Host="kashiwabaragpt.scm.azurewebsites.net" User-Agent="GITHUBACTIONS_DeployWebAppToAzure_9e0cbb54f05b7aae9545d9238362714469bea7624dedc6520f1f890ef7d4588e" Authorization="Bea..." Content-Type="application/json; charset=utf-8" Cookie="ARRAffinity=8a1838995f790a3ddb0d6c9a1c240936b4c4b52e18bfa748290afc2caac3c809;Path=/;HttpOnly;Secure;Domain=kashiwabaragpt.scm.azurewebsites.net; ARRAffinitySameSite=8a1838995f790a3ddb0d6c9a1c240936b4c4b52e18bfa748290afc2caac3c809;Path=/;HttpOnly;SameSite=None;Secure;Domain=kashiwabaragpt.scm.azurewebsites.net" Content-Length="0" X-ARR-LOG-ID="6a16fa3b-1d66-4a19-869b-d6d037a5f35d" CLIENT-IP="52.234.40.19:34841" X-SITE-DEPLOYMENT-ID="kashiwabaragpt" WAS-DEFAULT-HOSTNAME="kashiwabaragpt.scm.azurewebsites.net" X-Forwarded-Proto="https" X-AppService-Proto="https" X-Forwarded-TlsVersion="1.3" X-WAWS-Unencoded-URL="/api/deployments/latest?deployer=GITHUB_ZIP_DEPLOY&amp;time=2024-12-12_04-21-50Z" X-Client-IP="52.234.40.19" X-Client-Port="34841" >
  <step title="Cleanup Xml Logs" date="2024-12-12T04:22:22.869" >
    <step title="Cleanup Infos" date="2024-12-12T04:22:22.892" totalFiles="363" totalCleanup="203" /><!-- duration: 4ms -->
  </step><!-- duration: 31ms -->
  <step title="DeploymentService.GetResult" date="2024-12-12T04:22:22.919" >
    <step title="DeploymentService.GetLatestDeployment" date="2024-12-12T04:22:22.923" >
      <step title="DeploymentManager.GetResults" date="2024-12-12T04:22:22.928" /><!-- duration: 716ms -->
      <step title="Deployment e1a9ea4a-050f-4e4e-a843-e4c1abd01970 is Building" date="2024-12-12T04:22:23.649" /><!-- duration: 4ms -->
    </step><!-- duration: 741ms -->
  </step><!-- duration: 752ms -->
  <step title="Outgoing response" date="2024-12-12T04:22:23.689" type="response" statusCode="202" statusText="Accepted" /><!-- duration: 7ms -->
</step><!-- duration: 836ms -->
