<step title="Incoming Request" date="2024-12-12T04:42:38.134" instance="8a1838" url="/api/deployments/latest?deployer=GITHUB_ZIP_DEPLOY&amp;time=2024-12-12_04-42-31Z" method="GET" type="request" pid="92,1,42" Host="kashiwabaragpt.scm.azurewebsites.net" User-Agent="GITHUBACTIONS_DeployWebAppToAzure_9e0cbb54f05b7aae9545d9238362714469bea7624dedc6520f1f890ef7d4588e" Authorization="Bea..." Content-Type="application/json; charset=utf-8" Cookie="ARRAffinity=8a1838995f790a3ddb0d6c9a1c240936b4c4b52e18bfa748290afc2caac3c809;Path=/;HttpOnly;Secure;Domain=kashiwabaragpt.scm.azurewebsites.net; ARRAffinitySameSite=8a1838995f790a3ddb0d6c9a1c240936b4c4b52e18bfa748290afc2caac3c809;Path=/;HttpOnly;SameSite=None;Secure;Domain=kashiwabaragpt.scm.azurewebsites.net" Content-Length="0" X-ARR-LOG-ID="7e197a7b-7574-447e-a259-dea9b4c08601" CLIENT-IP="4.227.115.96:48193" X-SITE-DEPLOYMENT-ID="kashiwabaragpt" WAS-DEFAULT-HOSTNAME="kashiwabaragpt.scm.azurewebsites.net" X-Forwarded-Proto="https" X-AppService-Proto="https" X-Forwarded-TlsVersion="1.3" X-WAWS-Unencoded-URL="/api/deployments/latest?deployer=GITHUB_ZIP_DEPLOY&amp;time=2024-12-12_04-42-31Z" X-Client-IP="4.227.115.96" X-Client-Port="48193" >
  <step title="Cleanup Xml Logs" date="2024-12-12T04:42:38.138" >
    <step title="Cleanup Infos" date="2024-12-12T04:42:38.156" totalFiles="387" totalCleanup="227" /><!-- duration: 5ms -->
  </step><!-- duration: 27ms -->
  <step title="DeploymentService.GetResult" date="2024-12-12T04:42:38.183" >
    <step title="DeploymentService.GetLatestDeployment" date="2024-12-12T04:42:38.194" >
      <step title="DeploymentManager.GetResults" date="2024-12-12T04:42:38.199" /><!-- duration: 730ms -->
      <step title="Deployment be45f8dd-9464-4fef-844c-929258932cab is Building" date="2024-12-12T04:42:38.933" /><!-- duration: 4ms -->
    </step><!-- duration: 747ms -->
  </step><!-- duration: 762ms -->
  <step title="Outgoing response" date="2024-12-12T04:42:38.951" type="response" statusCode="202" statusText="Accepted" /><!-- duration: 4ms -->
</step><!-- duration: 826ms -->
