<step title="Incoming Request" date="2024-12-04T03:30:27.869" instance="8a1838" url="/api/deployments/latest?deployer=GITHUB_ZIP_DEPLOY&amp;time=2024-12-04_03-29-36Z" method="GET" type="request" pid="93,1,16" Host="kashiwabaragpt.scm.azurewebsites.net" User-Agent="GITHUBACTIONS_DeployWebAppToAzure_9e0cbb54f05b7aae9545d9238362714469bea7624dedc6520f1f890ef7d4588e" Authorization="Bea..." Content-Type="application/json; charset=utf-8" Cookie="ARRAffinity=8a1838995f790a3ddb0d6c9a1c240936b4c4b52e18bfa748290afc2caac3c809;Path=/;HttpOnly;Secure;Domain=kashiwabaragpt.scm.azurewebsites.net; ARRAffinitySameSite=8a1838995f790a3ddb0d6c9a1c240936b4c4b52e18bfa748290afc2caac3c809;Path=/;HttpOnly;SameSite=None;Secure;Domain=kashiwabaragpt.scm.azurewebsites.net" Content-Length="0" X-ARR-LOG-ID="2a06d892-88fe-4680-b31b-991becf888d3" CLIENT-IP="172.183.106.65:16648" X-SITE-DEPLOYMENT-ID="kashiwabaragpt" WAS-DEFAULT-HOSTNAME="kashiwabaragpt.scm.azurewebsites.net" X-Forwarded-Proto="https" X-AppService-Proto="https" X-Forwarded-TlsVersion="1.3" X-WAWS-Unencoded-URL="/api/deployments/latest?deployer=GITHUB_ZIP_DEPLOY&amp;time=2024-12-04_03-29-36Z" X-Client-IP="172.183.106.65" X-Client-Port="16648" >
  <step title="Cleanup Xml Logs" date="2024-12-04T03:30:27.876" /><!-- duration: 32ms -->
  <step title="DeploymentService.GetResult" date="2024-12-04T03:30:27.937" >
    <step title="DeploymentService.GetLatestDeployment" date="2024-12-04T03:30:27.944" >
      <step title="DeploymentManager.GetResults" date="2024-12-04T03:30:27.962" /><!-- duration: 542ms -->
      <step title="Deployment temp-e3ecce35 is Pending" date="2024-12-04T03:30:28.507" /><!-- duration: 4ms -->
    </step><!-- duration: 571ms -->
  </step><!-- duration: 582ms -->
  <step title="Outgoing response" date="2024-12-04T03:30:28.522" type="response" statusCode="202" statusText="Accepted" /><!-- duration: 4ms -->
</step><!-- duration: 664ms -->
