<step title="Incoming Request" date="2024-12-12T05:36:57.654" instance="8a1838" url="/api/deployments/latest?deployer=GITHUB_ZIP_DEPLOY&amp;time=2024-12-12_05-36-18Z" method="GET" type="request" pid="93,1,43" Host="kashiwabaragpt.scm.azurewebsites.net" User-Agent="GITHUBACTIONS_DeployWebAppToAzure_9e0cbb54f05b7aae9545d9238362714469bea7624dedc6520f1f890ef7d4588e" Authorization="Bea..." Content-Type="application/json; charset=utf-8" Cookie="ARRAffinity=8a1838995f790a3ddb0d6c9a1c240936b4c4b52e18bfa748290afc2caac3c809;Path=/;HttpOnly;Secure;Domain=kashiwabaragpt.scm.azurewebsites.net; ARRAffinitySameSite=8a1838995f790a3ddb0d6c9a1c240936b4c4b52e18bfa748290afc2caac3c809;Path=/;HttpOnly;SameSite=None;Secure;Domain=kashiwabaragpt.scm.azurewebsites.net" Content-Length="0" X-ARR-LOG-ID="7a1ffbf5-4770-4239-8d2c-3c9f6efe8774" CLIENT-IP="20.75.95.251:36608" X-SITE-DEPLOYMENT-ID="kashiwabaragpt" WAS-DEFAULT-HOSTNAME="kashiwabaragpt.scm.azurewebsites.net" X-Forwarded-Proto="https" X-AppService-Proto="https" X-Forwarded-TlsVersion="1.3" X-WAWS-Unencoded-URL="/api/deployments/latest?deployer=GITHUB_ZIP_DEPLOY&amp;time=2024-12-12_05-36-18Z" X-Client-IP="20.75.95.251" X-Client-Port="36608" >
  <step title="Cleanup Xml Logs" date="2024-12-12T05:36:57.705" >
    <step title="Cleanup Infos" date="2024-12-12T05:36:57.743" totalFiles="447" totalCleanup="287" /><!-- duration: 8ms -->
  </step><!-- duration: 50ms -->
  <step title="DeploymentService.GetResult" date="2024-12-12T05:36:57.765" >
    <step title="DeploymentService.GetLatestDeployment" date="2024-12-12T05:36:57.770" >
      <step title="DeploymentManager.GetResults" date="2024-12-12T05:36:57.778" /><!-- duration: 690ms -->
      <step title="Deployment 343a89e4-d69f-4b92-93a4-28e5d341fc3c is Building" date="2024-12-12T05:36:58.476" /><!-- duration: 6ms -->
    </step><!-- duration: 723ms -->
  </step><!-- duration: 732ms -->
  <step title="Outgoing response" date="2024-12-12T05:36:58.505" type="response" statusCode="202" statusText="Accepted" /><!-- duration: 5ms -->
</step><!-- duration: 859ms -->
