<step title="BackgroundTrace" date="2024-12-12T05:47:39.591" instance="8a1838" url="/api/zipdeploy" method="POST" >
  <step title="Creating temporary deployment - FetchDeploymentManager" date="2024-12-12T05:47:39.646" /><!-- duration: 4ms -->
  <step title="Creating temporary deployment" date="2024-12-12T05:47:39.654" /><!-- duration: 42ms -->
  <step title="Before sending BuildRequestReceived status to /api/updatedeploystatus" date="2024-12-12T05:47:39.700" /><!-- duration: 4ms -->
  <step title="Performing fetch based deployment" date="2024-12-12T05:47:39.777" >
    <step title="Cleaning up temp folders from previous zip deployments and extracting pushed zip file /tmp/zipdeploy/7ec087bd-2876-4f83-a5bf-669a57d1fdcf.zip (7.46 MB) to /tmp/zipdeploy/extracted" date="2024-12-12T05:47:40.890" >
      <step title="ChmodRecursive Process exited with total time taken in ms: 542" date="2024-12-12T05:47:44.026" /><!-- duration: 11ms -->
    </step><!-- duration: 3152ms -->
    <step title="Deployment timer started" date="2024-12-12T05:47:46.052" >
      <step title="DeploymentManager.Deploy(id:106f2816-5361-4035-80a6-00adf5d7218b)" date="2024-12-12T05:47:46.062" >
        <step title="Collecting changeset information" date="2024-12-12T05:47:46.079" /><!-- duration: 79ms -->
        <step title="Updating submodules" date="2024-12-12T05:47:46.166" /><!-- duration: 1104ms -->
        <step title="Determining deployment builder" date="2024-12-12T05:47:47.425" >
          <step title="Builder is BasicBuilder" date="2024-12-12T05:47:47.438" /><!-- duration: 4ms -->
        </step><!-- duration: 22ms -->
        <step title="PreDeployment: context.CleanOutputPath False" date="2024-12-12T05:47:47.479" >
          <step title="PreDeployment: context.OutputPath /home/site/wwwroot" date="2024-12-12T05:47:47.569" >
            <step title="Building" date="2024-12-12T05:47:47.675" >
              <step title="Generating deployment script" date="2024-12-12T05:47:47.765" >
                <step title="Using cached version of the deployment script for command: -y --no-dot-deployment -r &quot;/tmp/zipdeploy/extracted&quot; -o &quot;/home/site/deployments/tools&quot; --basic --sitePath &quot;/tmp/zipdeploy/extracted&quot;" date="2024-12-12T05:47:47.806" /><!-- duration: 4ms -->
              </step><!-- duration: 71ms -->
              <step title="Executing external process" date="2024-12-12T05:47:47.967" type="process" path="starter.sh" arguments="&quot;/home/site/deployments/tools/deploy.sh&quot;" /><!-- duration: 44249ms -->
              <step title="Triggering recycle (preview mode disabled)." date="2024-12-12T05:48:32.420" /><!-- duration: 4ms -->
              <step title="Modified file to trigger a restart of the app container." date="2024-12-12T05:48:32.447" /><!-- duration: 4ms -->
              <step title="Skip function trigger and logicapp sync because function is not enabled." date="2024-12-12T05:48:32.455" /><!-- duration: 4ms -->
              <step title="Purge deployment items" date="2024-12-12T05:48:33.284" >
                <step title="Remove ceb6fda8-, Success, received at 12/04/2024 03:29:42" date="2024-12-12T05:48:33.343" /><!-- duration: 4ms -->
              </step><!-- duration: 69ms -->
            </step><!-- duration: 45730ms -->
          </step><!-- duration: 45853ms -->
          <step title="Cleaning up temp files" date="2024-12-12T05:48:33.426" /><!-- duration: 5ms -->
          <step title="Cleaning up temp files" date="2024-12-12T05:48:33.438" /><!-- duration: 506ms -->
          <step title="Reloading status file with latest updates" date="2024-12-12T05:48:33.968" >
            <step title="WebHooksManager.PublishEventAsync: PostDeployment" date="2024-12-12T05:48:33.973" /><!-- duration: 21ms -->
          </step><!-- duration: 34ms -->
          <step title="Cleaning up temporary deployment - fetch deployment was successful" date="2024-12-12T05:48:34.010" /><!-- duration: 4ms -->
        </step><!-- duration: 46618ms -->
      </step><!-- duration: 48055ms -->
