<step title="Incoming Request" date="2024-12-12T03:50:51.372" instance="8a1838" url="/api/deployments/latest?deployer=GITHUB_ZIP_DEPLOY&amp;time=2024-12-12_03-40-49Z" method="GET" type="request" pid="87,1,19" Host="kashiwabaragpt.scm.azurewebsites.net" User-Agent="GITHUBACTIONS_DeployWebAppToAzure_9e0cbb54f05b7aae9545d9238362714469bea7624dedc6520f1f890ef7d4588e" Authorization="Bea..." Content-Type="application/json; charset=utf-8" Cookie="ARRAffinity=8a1838995f790a3ddb0d6c9a1c240936b4c4b52e18bfa748290afc2caac3c809;Path=/;HttpOnly;Secure;Domain=kashiwabaragpt.scm.azurewebsites.net; ARRAffinitySameSite=8a1838995f790a3ddb0d6c9a1c240936b4c4b52e18bfa748290afc2caac3c809;Path=/;HttpOnly;SameSite=None;Secure;Domain=kashiwabaragpt.scm.azurewebsites.net" Content-Length="0" X-ARR-LOG-ID="7e4c0b02-05cd-4800-b13d-feb6b39596b2" CLIENT-IP="20.55.14.238:46209" X-SITE-DEPLOYMENT-ID="kashiwabaragpt" WAS-DEFAULT-HOSTNAME="kashiwabaragpt.scm.azurewebsites.net" X-Forwarded-Proto="https" X-AppService-Proto="https" X-Forwarded-TlsVersion="1.3" X-WAWS-Unencoded-URL="/api/deployments/latest?deployer=GITHUB_ZIP_DEPLOY&amp;time=2024-12-12_03-40-49Z" X-Client-IP="20.55.14.238" X-Client-Port="46209" >
  <step title="Cleanup Xml Logs" date="2024-12-12T03:50:51.376" >
    <step title="Cleanup Infos" date="2024-12-12T03:50:51.390" totalFiles="270" totalCleanup="110" /><!-- duration: 5ms -->
  </step><!-- duration: 22ms -->
  <step title="DeploymentService.GetResult" date="2024-12-12T03:50:51.417" >
    <step title="DeploymentService.GetLatestDeployment" date="2024-12-12T03:50:51.421" >
      <step title="DeploymentManager.GetResults" date="2024-12-12T03:50:51.425" /><!-- duration: 399ms -->
      <step title="Deployment c13d0be6-9435-4dd9-a2d9-bf4c02beba99 is Building" date="2024-12-12T03:50:51.828" /><!-- duration: 4ms -->
    </step><!-- duration: 414ms -->
  </step><!-- duration: 422ms -->
  <step title="Outgoing response" date="2024-12-12T03:50:51.854" type="response" statusCode="202" statusText="Accepted" /><!-- duration: 4ms -->
</step><!-- duration: 490ms -->
