<step title="BackgroundTrace" date="2024-12-12T04:28:38.639" instance="8a1838" url="/api/zipdeploy" method="POST" >
  <step title="Creating temporary deployment - FetchDeploymentManager" date="2024-12-12T04:28:38.690" /><!-- duration: 4ms -->
  <step title="Creating temporary deployment" date="2024-12-12T04:28:38.699" /><!-- duration: 90ms -->
  <step title="Before sending BuildRequestReceived status to /api/updatedeploystatus" date="2024-12-12T04:28:38.794" /><!-- duration: 4ms -->
  <step title="Performing fetch based deployment" date="2024-12-12T04:28:38.880" >
    <step title="Cleaning up temp folders from previous zip deployments and extracting pushed zip file /tmp/zipdeploy/9ae75ebf-f1df-4067-81a2-ac5d58b2ece0.zip (7.46 MB) to /tmp/zipdeploy/extracted" date="2024-12-12T04:28:40.023" >
      <step title="ChmodRecursive Process exited with total time taken in ms: 276" date="2024-12-12T04:28:42.118" /><!-- duration: 9ms -->
    </step><!-- duration: 2108ms -->
    <step title="Deployment timer started" date="2024-12-12T04:28:44.141" >
      <step title="DeploymentManager.Deploy(id:59b63ee4-4f21-4df6-a59c-cdf54e24b4de)" date="2024-12-12T04:28:44.152" >
        <step title="Collecting changeset information" date="2024-12-12T04:28:44.170" /><!-- duration: 87ms -->
        <step title="Updating submodules" date="2024-12-12T04:28:44.265" /><!-- duration: 1107ms -->
        <step title="Determining deployment builder" date="2024-12-12T04:28:45.540" >
          <step title="Builder is BasicBuilder" date="2024-12-12T04:28:45.553" /><!-- duration: 4ms -->
        </step><!-- duration: 22ms -->
        <step title="PreDeployment: context.CleanOutputPath False" date="2024-12-12T04:28:45.621" >
          <step title="PreDeployment: context.OutputPath /home/site/wwwroot" date="2024-12-12T04:28:45.738" >
            <step title="Building" date="2024-12-12T04:28:46.132" >
              <step title="Generating deployment script" date="2024-12-12T04:28:46.220" >
                <step title="Using cached version of the deployment script for command: -y --no-dot-deployment -r &quot;/tmp/zipdeploy/extracted&quot; -o &quot;/home/site/deployments/tools&quot; --basic --sitePath &quot;/tmp/zipdeploy/extracted&quot;" date="2024-12-12T04:28:46.275" /><!-- duration: 30ms -->
              </step><!-- duration: 116ms -->
              <step title="Executing external process" date="2024-12-12T04:28:46.715" type="process" path="starter.sh" arguments="&quot;/home/site/deployments/tools/deploy.sh&quot;" /><!-- duration: 49237ms -->
              <step title="Triggering recycle (preview mode disabled)." date="2024-12-12T04:29:36.175" /><!-- duration: 4ms -->
              <step title="Modified file to trigger a restart of the app container." date="2024-12-12T04:29:36.208" /><!-- duration: 4ms -->
              <step title="Skip function trigger and logicapp sync because function is not enabled." date="2024-12-12T04:29:36.216" /><!-- duration: 4ms -->
              <step title="Purge deployment items" date="2024-12-12T04:29:37.092" >
                <step title="Remove 20043519-, Success, received at 06/21/2024 02:22:33" date="2024-12-12T04:29:37.192" /><!-- duration: 4ms -->
              </step><!-- duration: 108ms -->
            </step><!-- duration: 51123ms -->
          </step><!-- duration: 51523ms -->
          <step title="Cleaning up temp files" date="2024-12-12T04:29:37.265" /><!-- duration: 5ms -->
          <step title="Cleaning up temp files" date="2024-12-12T04:29:37.273" /><!-- duration: 506ms -->
          <step title="Reloading status file with latest updates" date="2024-12-12T04:29:37.808" >
            <step title="WebHooksManager.PublishEventAsync: PostDeployment" date="2024-12-12T04:29:37.813" /><!-- duration: 43ms -->
          </step><!-- duration: 52ms -->
          <step title="Cleaning up temporary deployment - fetch deployment was successful" date="2024-12-12T04:29:37.867" /><!-- duration: 4ms -->
        </step><!-- duration: 52342ms -->
      </step><!-- duration: 53834ms -->
