<step title="Incoming Request" date="2024-12-12T04:12:50.511" instance="8a1838" url="/api/deployments/latest?deployer=GITHUB_ZIP_DEPLOY&amp;time=2024-12-12_04-12-09Z" method="GET" type="request" pid="93,1,27" Host="kashiwabaragpt.scm.azurewebsites.net" User-Agent="GITHUBACTIONS_DeployWebAppToAzure_9e0cbb54f05b7aae9545d9238362714469bea7624dedc6520f1f890ef7d4588e" Authorization="Bea..." Content-Type="application/json; charset=utf-8" Cookie="ARRAffinity=8a1838995f790a3ddb0d6c9a1c240936b4c4b52e18bfa748290afc2caac3c809;Path=/;HttpOnly;Secure;Domain=kashiwabaragpt.scm.azurewebsites.net; ARRAffinitySameSite=8a1838995f790a3ddb0d6c9a1c240936b4c4b52e18bfa748290afc2caac3c809;Path=/;HttpOnly;SameSite=None;Secure;Domain=kashiwabaragpt.scm.azurewebsites.net" Content-Length="0" X-ARR-LOG-ID="1e49046b-330c-4f11-bceb-74fcda5114d0" CLIENT-IP="4.227.175.96:1216" X-SITE-DEPLOYMENT-ID="kashiwabaragpt" WAS-DEFAULT-HOSTNAME="kashiwabaragpt.scm.azurewebsites.net" X-Forwarded-Proto="https" X-AppService-Proto="https" X-Forwarded-TlsVersion="1.3" X-WAWS-Unencoded-URL="/api/deployments/latest?deployer=GITHUB_ZIP_DEPLOY&amp;time=2024-12-12_04-12-09Z" X-Client-IP="4.227.175.96" X-Client-Port="1216" >
  <step title="Cleanup Xml Logs" date="2024-12-12T04:12:50.526" >
    <step title="Cleanup Infos" date="2024-12-12T04:12:50.567" totalFiles="350" totalCleanup="190" /><!-- duration: 4ms -->
  </step><!-- duration: 50ms -->
  <step title="DeploymentService.GetResult" date="2024-12-12T04:12:50.594" >
    <step title="DeploymentService.GetLatestDeployment" date="2024-12-12T04:12:50.602" >
      <step title="DeploymentManager.GetResults" date="2024-12-12T04:12:50.611" /><!-- duration: 872ms -->
      <step title="Deployment 61565025-af1b-4056-a3e0-092f4193fbd9 is Building" date="2024-12-12T04:12:51.509" /><!-- duration: 4ms -->
    </step><!-- duration: 921ms -->
  </step><!-- duration: 937ms -->
  <step title="Outgoing response" date="2024-12-12T04:12:51.539" type="response" statusCode="202" statusText="Accepted" /><!-- duration: 7ms -->
</step><!-- duration: 1040ms -->
