<step title="Incoming Request" date="2024-12-04T00:48:07.036" instance="8a1838" url="/api/zipdeploy?isAsync=true&amp;deployer=GITHUB_ZIP_DEPLOY&amp;message=%7B%22type%22%3A%22deployment%22%2C%22sha%22%3A%229855a4eacc0468fb020e76852e0fbb21fbdfaf6a%22%2C%22repoName%22%3A%22chatgptkwb%2Fprivategpt%22%2C%22actor%22%3A%22chatgptkwb%22%2C%22slotName%22%3A%22production%22%2C%22commitMessage%22%3A%22iFrame%E5%AF%BE%E5%BF%9C%22%7D" method="POST" type="request" pid="93,1,14" Host="kashiwabaragpt.scm.azurewebsites.net" User-Agent="GITHUBACTIONS_DeployWebAppToAzure_9e0cbb54f05b7aae9545d9238362714469bea7624dedc6520f1f890ef7d4588e" Authorization="Bea..." Content-Type="application/octet-stream" Cookie="ARRAffinity=8a1838995f790a3ddb0d6c9a1c240936b4c4b52e18bfa748290afc2caac3c809;Path=/;HttpOnly;Secure;Domain=kashiwabaragpt.scm.azurewebsites.net; ARRAffinitySameSite=8a1838995f790a3ddb0d6c9a1c240936b4c4b52e18bfa748290afc2caac3c809;Path=/;HttpOnly;SameSite=None;Secure;Domain=kashiwabaragpt.scm.azurewebsites.net" Transfer-Encoding="chunked" X-ARR-LOG-ID="d0c2266c-1e14-4d77-a3fa-cfa096b0a0e1" CLIENT-IP="20.49.55.109:28904" X-SITE-DEPLOYMENT-ID="kashiwabaragpt" WAS-DEFAULT-HOSTNAME="kashiwabaragpt.scm.azurewebsites.net" X-Forwarded-Proto="https" X-AppService-Proto="https" X-Forwarded-TlsVersion="1.3" X-WAWS-Unencoded-URL="/api/zipdeploy?isAsync=true&amp;deployer=GITHUB_ZIP_DEPLOY&amp;message=%7B%22type%22%3A%22deployment%22%2C%22sha%22%3A%229855a4eacc0468fb020e76852e0fbb21fbdfaf6a%22%2C%22repoName%22%3A%22chatgptkwb%2Fprivategpt%22%2C%22actor%22%3A%22chatgptkwb%22%2C%22slotName%22%3A%22production%22%2C%22commitMessage%22%3A%22iFrame%E5%AF%BE%E5%BF%9C%22%7D" X-Client-IP="20.49.55.109" X-Client-Port="28904" >
  <step title="ZipPushDeploy" date="2024-12-04T00:48:07.153" >
    <step title="ZipDeploy. Extract zip." date="2024-12-04T00:48:07.260" /><!-- duration: 22ms -->
    <step title="None repository commit" date="2024-12-04T00:48:07.314" >
      <step title="Commit id: 9ea47b93-bb89-4f9d-b85c-14ecf9459327" date="2024-12-04T00:48:07.330" Message="N/A" AuthorName="N/A" AuthorEmail="N/A" /><!-- duration: 31ms -->
    </step><!-- duration: 82ms -->
    <step title="Starting PushDeployAsync" date="2024-12-04T00:48:07.447" /><!-- duration: 23ms -->
    <step title="Writing artifact to /tmp/zipdeploy/4204d408-338c-48e8-b730-50de3bf0f600.zip" date="2024-12-04T00:48:07.501" >
      <step title="Writing request body to artifacts at /tmp/zipdeploy/4204d408-338c-48e8-b730-50de3bf0f600.zip" date="2024-12-04T00:48:07.506" /><!-- duration: 5ms -->
    </step><!-- duration: 982ms -->
    <step title="Start deployment in the background" date="2024-12-04T00:48:08.530" >
      <step title="Acquiring Deployment Lock" date="2024-12-04T00:48:08.552" /><!-- duration: 9ms -->
      <step title="Acquired Deployment Lock" date="2024-12-04T00:48:08.592" /><!-- duration: 4ms -->
    </step><!-- duration: 184ms -->
  </step><!-- duration: 1604ms -->
  <step title="Outgoing response" date="2024-12-04T00:48:08.815" type="response" statusCode="202" statusText="Accepted" /><!-- duration: 25ms -->
</step><!-- duration: 1818ms -->
