<step title="Incoming Request" date="2024-11-28T04:44:00.167" instance="8a1838" url="/api/zipdeploy?isAsync=true&amp;deployer=GITHUB_ZIP_DEPLOY&amp;message=%7B%22type%22%3A%22deployment%22%2C%22sha%22%3A%22509d27b26c97506c79748f72c793074e7cbad1db%22%2C%22repoName%22%3A%22chatgptkwb%2Fprivategpt%22%2C%22actor%22%3A%22chatgptkwb%22%2C%22slotName%22%3A%22production%22%2C%22commitMessage%22%3A%22auth%22%7D" method="POST" type="request" pid="87,1,146" Host="kashiwabaragpt.scm.azurewebsites.net" User-Agent="GITHUBACTIONS_DeployWebAppToAzure_9e0cbb54f05b7aae9545d9238362714469bea7624dedc6520f1f890ef7d4588e" Authorization="Bea..." Content-Type="application/octet-stream" Cookie="ARRAffinity=8a1838995f790a3ddb0d6c9a1c240936b4c4b52e18bfa748290afc2caac3c809;Path=/;HttpOnly;Secure;Domain=kashiwabaragpt.scm.azurewebsites.net; ARRAffinitySameSite=8a1838995f790a3ddb0d6c9a1c240936b4c4b52e18bfa748290afc2caac3c809;Path=/;HttpOnly;SameSite=None;Secure;Domain=kashiwabaragpt.scm.azurewebsites.net" Transfer-Encoding="chunked" X-ARR-LOG-ID="8fefdcf1-f089-43f7-8e89-6fb01bfd5743" CLIENT-IP="20.102.46.152:13504" X-SITE-DEPLOYMENT-ID="kashiwabaragpt" WAS-DEFAULT-HOSTNAME="kashiwabaragpt.scm.azurewebsites.net" X-Forwarded-Proto="https" X-AppService-Proto="https" X-Forwarded-TlsVersion="1.3" X-WAWS-Unencoded-URL="/api/zipdeploy?isAsync=true&amp;deployer=GITHUB_ZIP_DEPLOY&amp;message=%7B%22type%22%3A%22deployment%22%2C%22sha%22%3A%22509d27b26c97506c79748f72c793074e7cbad1db%22%2C%22repoName%22%3A%22chatgptkwb%2Fprivategpt%22%2C%22actor%22%3A%22chatgptkwb%22%2C%22slotName%22%3A%22production%22%2C%22commitMessage%22%3A%22auth%22%7D" X-Client-IP="20.102.46.152" X-Client-Port="13504" >
  <step title="ZipPushDeploy" date="2024-11-28T04:44:00.250" >
    <step title="ZipDeploy. Extract zip." date="2024-11-28T04:44:00.261" /><!-- duration: 4ms -->
    <step title="None repository commit" date="2024-11-28T04:44:00.282" >
      <step title="Commit id: 3b676b6e-200f-4c4e-b7ef-5c207fb77a1c" date="2024-11-28T04:44:00.286" Message="N/A" AuthorName="N/A" AuthorEmail="N/A" /><!-- duration: 4ms -->
    </step><!-- duration: 11ms -->
    <step title="Starting PushDeployAsync" date="2024-11-28T04:44:00.298" /><!-- duration: 4ms -->
    <step title="Writing artifact to /tmp/zipdeploy/f8803ebf-254c-4ce5-804c-9f5ea13d1e28.zip" date="2024-11-28T04:44:00.354" >
      <step title="Writing request body to artifacts at /tmp/zipdeploy/f8803ebf-254c-4ce5-804c-9f5ea13d1e28.zip" date="2024-11-28T04:44:00.358" /><!-- duration: 4ms -->
    </step><!-- duration: 1089ms -->
    <step title="Start deployment in the background" date="2024-11-28T04:44:01.462" >
      <step title="Acquiring Deployment Lock" date="2024-11-28T04:44:01.477" /><!-- duration: 4ms -->
      <step title="Acquired Deployment Lock" date="2024-11-28T04:44:01.689" /><!-- duration: 7ms -->
    </step><!-- duration: 596ms -->
  </step><!-- duration: 1815ms -->
  <step title="Outgoing response" date="2024-11-28T04:44:02.074" type="response" statusCode="202" statusText="Accepted" /><!-- duration: 5ms -->
</step><!-- duration: 1921ms -->
