<step title="Incoming Request" date="2024-12-12T05:19:49.355" instance="8a1838" url="/api/deployments/latest?deployer=GITHUB_ZIP_DEPLOY&amp;time=2024-12-12_05-19-09Z" method="GET" type="request" pid="87,1,27" Host="kashiwabaragpt.scm.azurewebsites.net" User-Agent="GITHUBACTIONS_DeployWebAppToAzure_9e0cbb54f05b7aae9545d9238362714469bea7624dedc6520f1f890ef7d4588e" Authorization="Bea..." Content-Type="application/json; charset=utf-8" Cookie="ARRAffinity=8a1838995f790a3ddb0d6c9a1c240936b4c4b52e18bfa748290afc2caac3c809;Path=/;HttpOnly;Secure;Domain=kashiwabaragpt.scm.azurewebsites.net; ARRAffinitySameSite=8a1838995f790a3ddb0d6c9a1c240936b4c4b52e18bfa748290afc2caac3c809;Path=/;HttpOnly;SameSite=None;Secure;Domain=kashiwabaragpt.scm.azurewebsites.net" Content-Length="0" X-ARR-LOG-ID="74288894-17df-42bb-89de-b42c026edc3e" CLIENT-IP="20.51.198.252:38016" X-SITE-DEPLOYMENT-ID="kashiwabaragpt" WAS-DEFAULT-HOSTNAME="kashiwabaragpt.scm.azurewebsites.net" X-Forwarded-Proto="https" X-AppService-Proto="https" X-Forwarded-TlsVersion="1.3" X-WAWS-Unencoded-URL="/api/deployments/latest?deployer=GITHUB_ZIP_DEPLOY&amp;time=2024-12-12_05-19-09Z" X-Client-IP="20.51.198.252" X-Client-Port="38016" >
  <step title="Cleanup Xml Logs" date="2024-12-12T05:19:49.366" >
    <step title="Cleanup Infos" date="2024-12-12T05:19:49.406" totalFiles="433" totalCleanup="273" /><!-- duration: 14ms -->
  </step><!-- duration: 63ms -->
  <step title="DeploymentService.GetResult" date="2024-12-12T05:19:49.460" >
    <step title="DeploymentService.GetLatestDeployment" date="2024-12-12T05:19:49.466" >
      <step title="DeploymentManager.GetResults" date="2024-12-12T05:19:49.507" /><!-- duration: 1426ms -->
      <step title="Deployment 320386bd-3ae8-4a9a-b3cf-078c93761b7f is Building" date="2024-12-12T05:19:50.964" /><!-- duration: 6ms -->
    </step><!-- duration: 1519ms -->
  </step><!-- duration: 1531ms -->
  <step title="Outgoing response" date="2024-12-12T05:19:50.995" type="response" statusCode="202" statusText="Accepted" /><!-- duration: 5ms -->
</step><!-- duration: 1653ms -->
