<step title="Incoming Request" date="2024-12-12T05:41:48.415" instance="8a1838" url="/api/zipdeploy?isAsync=true&amp;deployer=GITHUB_ZIP_DEPLOY&amp;message=%7B%22type%22%3A%22deployment%22%2C%22sha%22%3A%22e538c00e569bda0c15943ce696d1ab079b9b6cfb%22%2C%22repoName%22%3A%22chatgptkwb%2Fprivategpt%22%2C%22actor%22%3A%22chatgptkwb%22%2C%22slotName%22%3A%22production%22%2C%22commitMessage%22%3A%22menu%20change3%22%7D" method="POST" type="request" pid="93,1,36" Host="kashiwabaragpt.scm.azurewebsites.net" User-Agent="GITHUBACTIONS_DeployWebAppToAzure_9e0cbb54f05b7aae9545d9238362714469bea7624dedc6520f1f890ef7d4588e" Authorization="Bea..." Content-Type="application/octet-stream" Cookie="ARRAffinity=8a1838995f790a3ddb0d6c9a1c240936b4c4b52e18bfa748290afc2caac3c809;Path=/;HttpOnly;Secure;Domain=kashiwabaragpt.scm.azurewebsites.net; ARRAffinitySameSite=8a1838995f790a3ddb0d6c9a1c240936b4c4b52e18bfa748290afc2caac3c809;Path=/;HttpOnly;SameSite=None;Secure;Domain=kashiwabaragpt.scm.azurewebsites.net" Transfer-Encoding="chunked" X-ARR-LOG-ID="09a8866b-1cfa-4818-ad51-2b2b86196499" CLIENT-IP="172.183.52.211:43072" X-SITE-DEPLOYMENT-ID="kashiwabaragpt" WAS-DEFAULT-HOSTNAME="kashiwabaragpt.scm.azurewebsites.net" X-Forwarded-Proto="https" X-AppService-Proto="https" X-Forwarded-TlsVersion="1.3" X-WAWS-Unencoded-URL="/api/zipdeploy?isAsync=true&amp;deployer=GITHUB_ZIP_DEPLOY&amp;message=%7B%22type%22%3A%22deployment%22%2C%22sha%22%3A%22e538c00e569bda0c15943ce696d1ab079b9b6cfb%22%2C%22repoName%22%3A%22chatgptkwb%2Fprivategpt%22%2C%22actor%22%3A%22chatgptkwb%22%2C%22slotName%22%3A%22production%22%2C%22commitMessage%22%3A%22menu%20change3%22%7D" X-Client-IP="172.183.52.211" X-Client-Port="43072" >
  <step title="ZipPushDeploy" date="2024-12-12T05:41:48.427" >
    <step title="ZipDeploy. Extract zip." date="2024-12-12T05:41:48.437" /><!-- duration: 4ms -->
    <step title="Starting PushDeployAsync" date="2024-12-12T05:41:48.461" /><!-- duration: 4ms -->
    <step title="Writing artifact to /tmp/zipdeploy/5a21152d-a1a7-4cf2-84a2-f6e970d27470.zip" date="2024-12-12T05:41:48.480" >
      <step title="Writing request body to artifacts at /tmp/zipdeploy/5a21152d-a1a7-4cf2-84a2-f6e970d27470.zip" date="2024-12-12T05:41:48.484" /><!-- duration: 4ms -->
    </step><!-- duration: 1103ms -->
    <step title="Start deployment in the background" date="2024-12-12T05:41:49.605" >
      <step title="Acquiring Deployment Lock" date="2024-12-12T05:41:49.617" /><!-- duration: 4ms -->
      <step title="Acquired Deployment Lock" date="2024-12-12T05:41:49.646" /><!-- duration: 4ms -->
    </step><!-- duration: 124ms -->
  </step><!-- duration: 1307ms -->
  <step title="Outgoing response" date="2024-12-12T05:41:49.737" type="response" statusCode="202" statusText="Accepted" /><!-- duration: 4ms -->
</step><!-- duration: 1330ms -->
