<step title="Incoming Request" date="2024-12-04T03:29:43.496" instance="8a1838" url="/api/deployments/latest?deployer=GITHUB_ZIP_DEPLOY&amp;time=2024-12-04_03-29-36Z" method="GET" type="request" pid="93,1,17" Host="kashiwabaragpt.scm.azurewebsites.net" User-Agent="GITHUBACTIONS_DeployWebAppToAzure_9e0cbb54f05b7aae9545d9238362714469bea7624dedc6520f1f890ef7d4588e" Authorization="Bea..." Content-Type="application/json; charset=utf-8" Cookie="ARRAffinity=8a1838995f790a3ddb0d6c9a1c240936b4c4b52e18bfa748290afc2caac3c809;Path=/;HttpOnly;Secure;Domain=kashiwabaragpt.scm.azurewebsites.net; ARRAffinitySameSite=8a1838995f790a3ddb0d6c9a1c240936b4c4b52e18bfa748290afc2caac3c809;Path=/;HttpOnly;SameSite=None;Secure;Domain=kashiwabaragpt.scm.azurewebsites.net" Content-Length="0" X-ARR-LOG-ID="3f79a152-71c6-405b-8a78-97554c229637" CLIENT-IP="172.183.106.65:16649" X-SITE-DEPLOYMENT-ID="kashiwabaragpt" WAS-DEFAULT-HOSTNAME="kashiwabaragpt.scm.azurewebsites.net" X-Forwarded-Proto="https" X-AppService-Proto="https" X-Forwarded-TlsVersion="1.3" X-WAWS-Unencoded-URL="/api/deployments/latest?deployer=GITHUB_ZIP_DEPLOY&amp;time=2024-12-04_03-29-36Z" X-Client-IP="172.183.106.65" X-Client-Port="16649" >
  <step title="Cleanup Xml Logs" date="2024-12-04T03:29:43.500" /><!-- duration: 26ms -->
  <step title="DeploymentService.GetResult" date="2024-12-04T03:29:43.537" >
    <step title="DeploymentService.GetLatestDeployment" date="2024-12-04T03:29:43.549" >
      <step title="DeploymentManager.GetResults" date="2024-12-04T03:29:43.553" /><!-- duration: 392ms -->
      <step title="Deployment ceb6fda8-62e6-4e73-a963-c536e20f82db is Pending" date="2024-12-04T03:29:43.952" /><!-- duration: 7ms -->
    </step><!-- duration: 434ms -->
  </step><!-- duration: 454ms -->
  <step title="Outgoing response" date="2024-12-04T03:29:44.020" type="response" statusCode="202" statusText="Accepted" /><!-- duration: 15ms -->
</step><!-- duration: 546ms -->
