<step title="Incoming Request" date="2024-12-04T01:42:23.251" instance="8a1838" url="/api/deployments/latest?deployer=GITHUB_ZIP_DEPLOY&amp;time=2024-12-04_01-41-36Z" method="GET" type="request" pid="93,1,16" Host="kashiwabaragpt.scm.azurewebsites.net" User-Agent="GITHUBACTIONS_DeployWebAppToAzure_9e0cbb54f05b7aae9545d9238362714469bea7624dedc6520f1f890ef7d4588e" Authorization="Bea..." Content-Type="application/json; charset=utf-8" Cookie="ARRAffinity=8a1838995f790a3ddb0d6c9a1c240936b4c4b52e18bfa748290afc2caac3c809;Path=/;HttpOnly;Secure;Domain=kashiwabaragpt.scm.azurewebsites.net; ARRAffinitySameSite=8a1838995f790a3ddb0d6c9a1c240936b4c4b52e18bfa748290afc2caac3c809;Path=/;HttpOnly;SameSite=None;Secure;Domain=kashiwabaragpt.scm.azurewebsites.net" Content-Length="0" X-ARR-LOG-ID="23c38e5a-9816-4ba3-b972-e07d82d816f6" CLIENT-IP="20.75.95.99:20481" X-SITE-DEPLOYMENT-ID="kashiwabaragpt" WAS-DEFAULT-HOSTNAME="kashiwabaragpt.scm.azurewebsites.net" X-Forwarded-Proto="https" X-AppService-Proto="https" X-Forwarded-TlsVersion="1.3" X-WAWS-Unencoded-URL="/api/deployments/latest?deployer=GITHUB_ZIP_DEPLOY&amp;time=2024-12-04_01-41-36Z" X-Client-IP="20.75.95.99" X-Client-Port="20481" >
  <step title="Cleanup Xml Logs" date="2024-12-04T01:42:23.264" /><!-- duration: 42ms -->
  <step title="DeploymentService.GetResult" date="2024-12-04T01:42:23.325" >
    <step title="DeploymentService.GetLatestDeployment" date="2024-12-04T01:42:23.332" >
      <step title="DeploymentManager.GetResults" date="2024-12-04T01:42:23.346" /><!-- duration: 663ms -->
      <step title="Deployment 36b1a164-c9a4-403e-8217-3632a6e83c87 is Building" date="2024-12-04T01:42:24.033" /><!-- duration: 4ms -->
    </step><!-- duration: 708ms -->
  </step><!-- duration: 720ms -->
  <step title="Outgoing response" date="2024-12-04T01:42:24.050" type="response" statusCode="202" statusText="Accepted" /><!-- duration: 8ms -->
</step><!-- duration: 815ms -->
