<step title="Incoming Request" date="2024-12-12T04:53:26.363" instance="8a1838" url="/api/deployments/latest?deployer=GITHUB_ZIP_DEPLOY&amp;time=2024-12-12_04-53-06Z" method="GET" type="request" pid="93,1,25" Host="kashiwabaragpt.scm.azurewebsites.net" User-Agent="GITHUBACTIONS_DeployWebAppToAzure_9e0cbb54f05b7aae9545d9238362714469bea7624dedc6520f1f890ef7d4588e" Authorization="Bea..." Content-Type="application/json; charset=utf-8" Cookie="ARRAffinity=8a1838995f790a3ddb0d6c9a1c240936b4c4b52e18bfa748290afc2caac3c809;Path=/;HttpOnly;Secure;Domain=kashiwabaragpt.scm.azurewebsites.net; ARRAffinitySameSite=8a1838995f790a3ddb0d6c9a1c240936b4c4b52e18bfa748290afc2caac3c809;Path=/;HttpOnly;SameSite=None;Secure;Domain=kashiwabaragpt.scm.azurewebsites.net" Content-Length="0" X-ARR-LOG-ID="dadea0c7-9930-4679-a70e-a110fb72f532" CLIENT-IP="20.102.210.222:9345" X-SITE-DEPLOYMENT-ID="kashiwabaragpt" WAS-DEFAULT-HOSTNAME="kashiwabaragpt.scm.azurewebsites.net" X-Forwarded-Proto="https" X-AppService-Proto="https" X-Forwarded-TlsVersion="1.3" X-WAWS-Unencoded-URL="/api/deployments/latest?deployer=GITHUB_ZIP_DEPLOY&amp;time=2024-12-12_04-53-06Z" X-Client-IP="20.102.210.222" X-Client-Port="9345" >
  <step title="Cleanup Xml Logs" date="2024-12-12T04:53:26.389" >
    <step title="Cleanup Infos" date="2024-12-12T04:53:26.436" totalFiles="403" totalCleanup="243" /><!-- duration: 7ms -->
  </step><!-- duration: 61ms -->
  <step title="DeploymentService.GetResult" date="2024-12-12T04:53:26.469" >
    <step title="DeploymentService.GetLatestDeployment" date="2024-12-12T04:53:26.476" >
      <step title="DeploymentManager.GetResults" date="2024-12-12T04:53:26.482" /><!-- duration: 672ms -->
      <step title="Deployment 24ce5c83-4e5f-4c3e-a5f8-c88a5786658f is Building" date="2024-12-12T04:53:27.161" /><!-- duration: 7ms -->
    </step><!-- duration: 701ms -->
  </step><!-- duration: 720ms -->
  <step title="Outgoing response" date="2024-12-12T04:53:27.195" type="response" statusCode="202" statusText="Accepted" /><!-- duration: 12ms -->
</step><!-- duration: 850ms -->
