<step title="Incoming Request" date="2024-11-28T05:13:11.096" instance="8a1838" url="/api/zipdeploy?isAsync=true&amp;deployer=GITHUB_ZIP_DEPLOY&amp;message=%7B%22type%22%3A%22deployment%22%2C%22sha%22%3A%220f60d2f37888ebfb1f57b02fe37ce2c6904e44dc%22%2C%22repoName%22%3A%22chatgptkwb%2Fprivategpt%22%2C%22actor%22%3A%22chatgptkwb%22%2C%22slotName%22%3A%22production%22%2C%22commitMessage%22%3A%22menu%20change%22%7D" method="POST" type="request" pid="93,1,55" Host="kashiwabaragpt.scm.azurewebsites.net" User-Agent="GITHUBACTIONS_DeployWebAppToAzure_9e0cbb54f05b7aae9545d9238362714469bea7624dedc6520f1f890ef7d4588e" Authorization="Bea..." Content-Type="application/octet-stream" Cookie="ARRAffinity=8a1838995f790a3ddb0d6c9a1c240936b4c4b52e18bfa748290afc2caac3c809;Path=/;HttpOnly;Secure;Domain=kashiwabaragpt.scm.azurewebsites.net; ARRAffinitySameSite=8a1838995f790a3ddb0d6c9a1c240936b4c4b52e18bfa748290afc2caac3c809;Path=/;HttpOnly;SameSite=None;Secure;Domain=kashiwabaragpt.scm.azurewebsites.net" Transfer-Encoding="chunked" X-ARR-LOG-ID="9cb444c6-325a-4b2d-abc8-edf75458271c" CLIENT-IP="20.75.95.209:14344" X-SITE-DEPLOYMENT-ID="kashiwabaragpt" WAS-DEFAULT-HOSTNAME="kashiwabaragpt.scm.azurewebsites.net" X-Forwarded-Proto="https" X-AppService-Proto="https" X-Forwarded-TlsVersion="1.3" X-WAWS-Unencoded-URL="/api/zipdeploy?isAsync=true&amp;deployer=GITHUB_ZIP_DEPLOY&amp;message=%7B%22type%22%3A%22deployment%22%2C%22sha%22%3A%220f60d2f37888ebfb1f57b02fe37ce2c6904e44dc%22%2C%22repoName%22%3A%22chatgptkwb%2Fprivategpt%22%2C%22actor%22%3A%22chatgptkwb%22%2C%22slotName%22%3A%22production%22%2C%22commitMessage%22%3A%22menu%20change%22%7D" X-Client-IP="20.75.95.209" X-Client-Port="14344" >
  <step title="ZipPushDeploy" date="2024-11-28T05:13:11.138" >
    <step title="ZipDeploy. Extract zip." date="2024-11-28T05:13:11.151" /><!-- duration: 4ms -->
    <step title="None repository commit" date="2024-11-28T05:13:11.171" >
      <step title="Commit id: 58db284a-2c36-4ef7-bf5a-1641f358590d" date="2024-11-28T05:13:11.175" Message="N/A" AuthorName="N/A" AuthorEmail="N/A" /><!-- duration: 4ms -->
    </step><!-- duration: 20ms -->
    <step title="Starting PushDeployAsync" date="2024-11-28T05:13:11.194" /><!-- duration: 4ms -->
    <step title="Writing artifact to /tmp/zipdeploy/c8795400-0976-46fd-84d2-f9a333a612bf.zip" date="2024-11-28T05:13:11.215" >
      <step title="Writing request body to artifacts at /tmp/zipdeploy/c8795400-0976-46fd-84d2-f9a333a612bf.zip" date="2024-11-28T05:13:11.225" /><!-- duration: 4ms -->
    </step><!-- duration: 1232ms -->
    <step title="Start deployment in the background" date="2024-11-28T05:13:12.465" >
      <step title="Acquiring Deployment Lock" date="2024-11-28T05:13:12.555" /><!-- duration: 4ms -->
      <step title="Acquired Deployment Lock" date="2024-11-28T05:13:12.616" /><!-- duration: 4ms -->
    </step><!-- duration: 237ms -->
  </step><!-- duration: 1570ms -->
  <step title="Outgoing response" date="2024-11-28T05:13:12.715" type="response" statusCode="202" statusText="Accepted" /><!-- duration: 4ms -->
</step><!-- duration: 1626ms -->
