<step title="Incoming Request" date="2024-12-12T04:53:39.319" instance="8a1838" url="/api/deployments/latest?deployer=GITHUB_ZIP_DEPLOY&amp;time=2024-12-12_04-53-06Z" method="GET" type="request" pid="93,1,34" Host="kashiwabaragpt.scm.azurewebsites.net" User-Agent="GITHUBACTIONS_DeployWebAppToAzure_9e0cbb54f05b7aae9545d9238362714469bea7624dedc6520f1f890ef7d4588e" Authorization="Bea..." Content-Type="application/json; charset=utf-8" Cookie="ARRAffinity=8a1838995f790a3ddb0d6c9a1c240936b4c4b52e18bfa748290afc2caac3c809;Path=/;HttpOnly;Secure;Domain=kashiwabaragpt.scm.azurewebsites.net; ARRAffinitySameSite=8a1838995f790a3ddb0d6c9a1c240936b4c4b52e18bfa748290afc2caac3c809;Path=/;HttpOnly;SameSite=None;Secure;Domain=kashiwabaragpt.scm.azurewebsites.net" Content-Length="0" X-ARR-LOG-ID="0a2ca84e-de0d-4082-aff5-eb1af316e038" CLIENT-IP="20.102.210.222:9345" X-SITE-DEPLOYMENT-ID="kashiwabaragpt" WAS-DEFAULT-HOSTNAME="kashiwabaragpt.scm.azurewebsites.net" X-Forwarded-Proto="https" X-AppService-Proto="https" X-Forwarded-TlsVersion="1.3" X-WAWS-Unencoded-URL="/api/deployments/latest?deployer=GITHUB_ZIP_DEPLOY&amp;time=2024-12-12_04-53-06Z" X-Client-IP="20.102.210.222" X-Client-Port="9345" >
  <step title="Cleanup Xml Logs" date="2024-12-12T04:53:39.333" >
    <step title="Cleanup Infos" date="2024-12-12T04:53:39.366" totalFiles="405" totalCleanup="245" /><!-- duration: 27ms -->
  </step><!-- duration: 64ms -->
  <step title="DeploymentService.GetResult" date="2024-12-12T04:53:39.407" >
    <step title="DeploymentService.GetLatestDeployment" date="2024-12-12T04:53:39.411" >
      <step title="DeploymentManager.GetResults" date="2024-12-12T04:53:39.415" /><!-- duration: 681ms -->
      <step title="Deployment 24ce5c83-4e5f-4c3e-a5f8-c88a5786658f is Building" date="2024-12-12T04:53:40.106" /><!-- duration: 7ms -->
    </step><!-- duration: 709ms -->
  </step><!-- duration: 717ms -->
  <step title="Outgoing response" date="2024-12-12T04:53:40.130" type="response" statusCode="202" statusText="Accepted" /><!-- duration: 9ms -->
</step><!-- duration: 838ms -->
