<step title="Incoming Request" date="2024-11-28T05:13:44.995" instance="8a1838" url="/api/deployments/latest?deployer=GITHUB_ZIP_DEPLOY&amp;time=2024-11-28_05-13-12Z" method="GET" type="request" pid="93,1,61" Host="kashiwabaragpt.scm.azurewebsites.net" User-Agent="GITHUBACTIONS_DeployWebAppToAzure_9e0cbb54f05b7aae9545d9238362714469bea7624dedc6520f1f890ef7d4588e" Authorization="Bea..." Content-Type="application/json; charset=utf-8" Cookie="ARRAffinity=8a1838995f790a3ddb0d6c9a1c240936b4c4b52e18bfa748290afc2caac3c809;Path=/;HttpOnly;Secure;Domain=kashiwabaragpt.scm.azurewebsites.net; ARRAffinitySameSite=8a1838995f790a3ddb0d6c9a1c240936b4c4b52e18bfa748290afc2caac3c809;Path=/;HttpOnly;SameSite=None;Secure;Domain=kashiwabaragpt.scm.azurewebsites.net" Content-Length="0" X-ARR-LOG-ID="c74c7dad-3336-4536-a4d1-d85941d25c7e" CLIENT-IP="20.75.95.209:14345" X-SITE-DEPLOYMENT-ID="kashiwabaragpt" WAS-DEFAULT-HOSTNAME="kashiwabaragpt.scm.azurewebsites.net" X-Forwarded-Proto="https" X-AppService-Proto="https" X-Forwarded-TlsVersion="1.3" X-WAWS-Unencoded-URL="/api/deployments/latest?deployer=GITHUB_ZIP_DEPLOY&amp;time=2024-11-28_05-13-12Z" X-Client-IP="20.75.95.209" X-Client-Port="14345" >
  <step title="Cleanup Xml Logs" date="2024-11-28T05:13:45.020" /><!-- duration: 27ms -->
  <step title="DeploymentService.GetResult" date="2024-11-28T05:13:45.063" >
    <step title="DeploymentService.GetLatestDeployment" date="2024-11-28T05:13:45.074" >
      <step title="DeploymentManager.GetResults" date="2024-11-28T05:13:45.078" /><!-- duration: 491ms -->
      <step title="Deployment 58db284a-2c36-4ef7-bf5a-1641f358590d is Building" date="2024-11-28T05:13:45.573" /><!-- duration: 4ms -->
    </step><!-- duration: 507ms -->
  </step><!-- duration: 521ms -->
  <step title="Outgoing response" date="2024-11-28T05:13:45.589" type="response" statusCode="202" statusText="Accepted" /><!-- duration: 5ms -->
</step><!-- duration: 606ms -->
