<step title="Incoming Request" date="2024-11-18T22:51:49.086" instance="8a1838" url="/api/zipdeploy?isAsync=true&amp;deployer=GITHUB_ZIP_DEPLOY&amp;message=%7B%22type%22%3A%22deployment%22%2C%22sha%22%3A%2273a0a845d4b13b6d0e1aebcc03328a79bf78a53d%22%2C%22repoName%22%3A%22chatgptkwb%2Fprivategpt%22%2C%22actor%22%3A%22chatgptkwb%22%2C%22slotName%22%3A%22production%22%2C%22commitMessage%22%3A%22citation%22%7D" method="POST" type="request" pid="92,1,7" Host="kashiwabaragpt.scm.azurewebsites.net" User-Agent="GITHUBACTIONS_DeployWebAppToAzure_9e0cbb54f05b7aae9545d9238362714469bea7624dedc6520f1f890ef7d4588e" Authorization="Bea..." Content-Type="application/octet-stream" Cookie="ARRAffinity=8a1838995f790a3ddb0d6c9a1c240936b4c4b52e18bfa748290afc2caac3c809;Path=/;HttpOnly;Secure;Domain=kashiwabaragpt.scm.azurewebsites.net; ARRAffinitySameSite=8a1838995f790a3ddb0d6c9a1c240936b4c4b52e18bfa748290afc2caac3c809;Path=/;HttpOnly;SameSite=None;Secure;Domain=kashiwabaragpt.scm.azurewebsites.net" Transfer-Encoding="chunked" X-ARR-LOG-ID="7b11fb17-9e96-4c9c-866d-f0992790aee0" CLIENT-IP="20.55.15.24:29760" X-SITE-DEPLOYMENT-ID="kashiwabaragpt" WAS-DEFAULT-HOSTNAME="kashiwabaragpt.scm.azurewebsites.net" X-Forwarded-Proto="https" X-AppService-Proto="https" X-Forwarded-TlsVersion="1.3" X-WAWS-Unencoded-URL="/api/zipdeploy?isAsync=true&amp;deployer=GITHUB_ZIP_DEPLOY&amp;message=%7B%22type%22%3A%22deployment%22%2C%22sha%22%3A%2273a0a845d4b13b6d0e1aebcc03328a79bf78a53d%22%2C%22repoName%22%3A%22chatgptkwb%2Fprivategpt%22%2C%22actor%22%3A%22chatgptkwb%22%2C%22slotName%22%3A%22production%22%2C%22commitMessage%22%3A%22citation%22%7D" X-Client-IP="20.55.15.24" X-Client-Port="29760" >
  <step title="ZipPushDeploy" date="2024-11-18T22:51:49.174" >
    <step title="ZipDeploy. Extract zip." date="2024-11-18T22:51:49.186" /><!-- duration: 4ms -->
    <step title="None repository commit" date="2024-11-18T22:51:49.200" >
      <step title="Commit id: 280bf546-1712-4454-869e-45588f34a347" date="2024-11-18T22:51:49.204" Message="N/A" AuthorName="N/A" AuthorEmail="N/A" /><!-- duration: 4ms -->
    </step><!-- duration: 12ms -->
    <step title="Starting PushDeployAsync" date="2024-11-18T22:51:49.216" /><!-- duration: 4ms -->
    <step title="Writing artifact to /tmp/zipdeploy/35995be6-6791-4d3a-9667-bf3786fcbafc.zip" date="2024-11-18T22:51:49.236" >
      <step title="Writing request body to artifacts at /tmp/zipdeploy/35995be6-6791-4d3a-9667-bf3786fcbafc.zip" date="2024-11-18T22:51:49.241" /><!-- duration: 4ms -->
    </step><!-- duration: 1083ms -->
    <step title="Start deployment in the background" date="2024-11-18T22:51:50.345" >
      <step title="Acquiring Deployment Lock" date="2024-11-18T22:51:50.376" /><!-- duration: 12ms -->
      <step title="Acquired Deployment Lock" date="2024-11-18T22:51:50.439" /><!-- duration: 4ms -->
    </step><!-- duration: 223ms -->
  </step><!-- duration: 1416ms -->
  <step title="Outgoing response" date="2024-11-18T22:51:50.601" type="response" statusCode="202" statusText="Accepted" /><!-- duration: 4ms -->
</step><!-- duration: 1524ms -->
