<step title="Incoming Request" date="2024-12-12T04:22:16.501" instance="8a1838" url="/api/deployments/latest?deployer=GITHUB_ZIP_DEPLOY&amp;time=2024-12-12_04-21-50Z" method="GET" type="request" pid="92,1,24" Host="kashiwabaragpt.scm.azurewebsites.net" User-Agent="GITHUBACTIONS_DeployWebAppToAzure_9e0cbb54f05b7aae9545d9238362714469bea7624dedc6520f1f890ef7d4588e" Authorization="Bea..." Content-Type="application/json; charset=utf-8" Cookie="ARRAffinity=8a1838995f790a3ddb0d6c9a1c240936b4c4b52e18bfa748290afc2caac3c809;Path=/;HttpOnly;Secure;Domain=kashiwabaragpt.scm.azurewebsites.net; ARRAffinitySameSite=8a1838995f790a3ddb0d6c9a1c240936b4c4b52e18bfa748290afc2caac3c809;Path=/;HttpOnly;SameSite=None;Secure;Domain=kashiwabaragpt.scm.azurewebsites.net" Content-Length="0" X-ARR-LOG-ID="0202b93a-037c-41c6-b4bb-011d455bb4d1" CLIENT-IP="52.234.40.19:34840" X-SITE-DEPLOYMENT-ID="kashiwabaragpt" WAS-DEFAULT-HOSTNAME="kashiwabaragpt.scm.azurewebsites.net" X-Forwarded-Proto="https" X-AppService-Proto="https" X-Forwarded-TlsVersion="1.3" X-WAWS-Unencoded-URL="/api/deployments/latest?deployer=GITHUB_ZIP_DEPLOY&amp;time=2024-12-12_04-21-50Z" X-Client-IP="52.234.40.19" X-Client-Port="34840" >
  <step title="Cleanup Xml Logs" date="2024-12-12T04:22:16.514" >
    <step title="Cleanup Infos" date="2024-12-12T04:22:16.530" totalFiles="362" totalCleanup="202" /><!-- duration: 4ms -->
  </step><!-- duration: 27ms -->
  <step title="DeploymentService.GetResult" date="2024-12-12T04:22:16.584" >
    <step title="DeploymentService.GetLatestDeployment" date="2024-12-12T04:22:16.590" >
      <step title="DeploymentManager.GetResults" date="2024-12-12T04:22:16.603" /><!-- duration: 746ms -->
      <step title="Deployment e1a9ea4a-050f-4e4e-a843-e4c1abd01970 is Building" date="2024-12-12T04:22:17.353" /><!-- duration: 5ms -->
    </step><!-- duration: 772ms -->
  </step><!-- duration: 782ms -->
  <step title="Outgoing response" date="2024-12-12T04:22:17.376" type="response" statusCode="202" statusText="Accepted" /><!-- duration: 5ms -->
</step><!-- duration: 896ms -->
