<step title="Incoming Request" date="2024-06-14T07:32:05.610" instance="3c1047" url="/api/deployments/latest?deployer=GITHUB_ZIP_DEPLOY&amp;time=2024-06-14_07-31-56Z" method="GET" type="request" pid="86,1,7" Host="kashiwabaragpt.scm.azurewebsites.net" User-Agent="GITHUBACTIONS_DeployWebAppToAzure_9e0cbb54f05b7aae9545d9238362714469bea7624dedc6520f1f890ef7d4588e" Authorization="Bea..." Content-Type="application/json; charset=utf-8" Cookie="ARRAffinity=3c10472245338208afd4ddb06a0fc7a3e93be27145f1e0a442a8d96e9674f38a;Path=/;HttpOnly;Secure;Domain=kashiwabaragpt.scm.azurewebsites.net; ARRAffinitySameSite=3c10472245338208afd4ddb06a0fc7a3e93be27145f1e0a442a8d96e9674f38a;Path=/;HttpOnly;SameSite=None;Secure;Domain=kashiwabaragpt.scm.azurewebsites.net" Content-Length="0" X-ARR-LOG-ID="6ceaa31f-14ce-4a37-a053-223c80562271" CLIENT-IP="172.183.36.19:53633" X-Client-IP="172.183.36.19" X-SITE-DEPLOYMENT-ID="kashiwabaragpt" WAS-DEFAULT-HOSTNAME="kashiwabaragpt.scm.azurewebsites.net" X-Forwarded-Proto="https" X-AppService-Proto="https" X-Forwarded-TlsVersion="1.3" X-WAWS-Unencoded-URL="/api/deployments/latest?deployer=GITHUB_ZIP_DEPLOY&amp;time=2024-06-14_07-31-56Z" X-Client-Port="53633" >
  <step title="Cleanup Xml Logs" date="2024-06-14T07:32:05.614" /><!-- duration: 8ms -->
  <step title="DeploymentService.GetResult" date="2024-06-14T07:32:05.667" >
    <step title="DeploymentService.GetLatestDeployment" date="2024-06-14T07:32:05.671" >
      <step title="DeploymentManager.GetResults" date="2024-06-14T07:32:05.675" /><!-- duration: 149ms -->
      <step title="Deployment d30b0beb-5971-4f5b-b8cf-68ea8ca127cf is Building" date="2024-06-14T07:32:05.831" /><!-- duration: 5ms -->
    </step><!-- duration: 170ms -->
  </step><!-- duration: 178ms -->
  <step title="Outgoing response" date="2024-06-14T07:32:05.850" type="response" statusCode="202" statusText="Accepted" /><!-- duration: 4ms -->
</step><!-- duration: 247ms -->
