<step title="Incoming Request" date="2024-12-04T03:30:15.204" instance="8a1838" url="/api/deployments/latest?deployer=GITHUB_ZIP_DEPLOY&amp;time=2024-12-04_03-29-36Z" method="GET" type="request" pid="93,1,17" Host="kashiwabaragpt.scm.azurewebsites.net" User-Agent="GITHUBACTIONS_DeployWebAppToAzure_9e0cbb54f05b7aae9545d9238362714469bea7624dedc6520f1f890ef7d4588e" Authorization="Bea..." Content-Type="application/json; charset=utf-8" Cookie="ARRAffinity=8a1838995f790a3ddb0d6c9a1c240936b4c4b52e18bfa748290afc2caac3c809;Path=/;HttpOnly;Secure;Domain=kashiwabaragpt.scm.azurewebsites.net; ARRAffinitySameSite=8a1838995f790a3ddb0d6c9a1c240936b4c4b52e18bfa748290afc2caac3c809;Path=/;HttpOnly;SameSite=None;Secure;Domain=kashiwabaragpt.scm.azurewebsites.net" Content-Length="0" X-ARR-LOG-ID="da84d50b-278b-4531-b4fb-b20a5a5d4064" CLIENT-IP="172.183.106.65:16648" X-SITE-DEPLOYMENT-ID="kashiwabaragpt" WAS-DEFAULT-HOSTNAME="kashiwabaragpt.scm.azurewebsites.net" X-Forwarded-Proto="https" X-AppService-Proto="https" X-Forwarded-TlsVersion="1.3" X-WAWS-Unencoded-URL="/api/deployments/latest?deployer=GITHUB_ZIP_DEPLOY&amp;time=2024-12-04_03-29-36Z" X-Client-IP="172.183.106.65" X-Client-Port="16648" >
  <step title="Cleanup Xml Logs" date="2024-12-04T03:30:15.208" /><!-- duration: 48ms -->
  <step title="DeploymentService.GetResult" date="2024-12-04T03:30:15.277" >
    <step title="DeploymentService.GetLatestDeployment" date="2024-12-04T03:30:15.288" >
      <step title="DeploymentManager.GetResults" date="2024-12-04T03:30:15.295" /><!-- duration: 599ms -->
      <step title="Deployment ceb6fda8-62e6-4e73-a963-c536e20f82db is Building" date="2024-12-04T03:30:15.899" /><!-- duration: 4ms -->
    </step><!-- duration: 618ms -->
  </step><!-- duration: 633ms -->
  <step title="Outgoing response" date="2024-12-04T03:30:15.918" type="response" statusCode="202" statusText="Accepted" /><!-- duration: 6ms -->
</step><!-- duration: 725ms -->
