<step title="Incoming Request" date="2024-11-07T05:19:14.201" instance="9d19d1" url="/api/deployments/latest?deployer=GITHUB_ZIP_DEPLOY&amp;time=2024-11-07_05-18-22Z" method="GET" type="request" pid="93,1,40" Host="kashiwabaragpt.scm.azurewebsites.net" User-Agent="GITHUBACTIONS_DeployWebAppToAzure_9e0cbb54f05b7aae9545d9238362714469bea7624dedc6520f1f890ef7d4588e" Authorization="Bea..." Content-Type="application/json; charset=utf-8" Cookie="ARRAffinity=9d19d15556ed3c42a42f8cf745e7174cbeff39934dfef30365a8b45a6761885b;Path=/;HttpOnly;Secure;Domain=kashiwabaragpt.scm.azurewebsites.net; ARRAffinitySameSite=9d19d15556ed3c42a42f8cf745e7174cbeff39934dfef30365a8b45a6761885b;Path=/;HttpOnly;SameSite=None;Secure;Domain=kashiwabaragpt.scm.azurewebsites.net" Content-Length="0" X-ARR-LOG-ID="3f03910f-c8cd-45bf-86b3-aa69fb985e8c" CLIENT-IP="74.249.14.210:44544" X-Client-IP="74.249.14.210" X-SITE-DEPLOYMENT-ID="kashiwabaragpt" WAS-DEFAULT-HOSTNAME="kashiwabaragpt.scm.azurewebsites.net" X-Forwarded-Proto="https" X-AppService-Proto="https" X-Forwarded-TlsVersion="1.3" X-WAWS-Unencoded-URL="/api/deployments/latest?deployer=GITHUB_ZIP_DEPLOY&amp;time=2024-11-07_05-18-22Z" X-Client-Port="44544" >
  <step title="Cleanup Xml Logs" date="2024-11-07T05:19:14.205" /><!-- duration: 28ms -->
  <step title="DeploymentService.GetResult" date="2024-11-07T05:19:14.253" >
    <step title="DeploymentService.GetLatestDeployment" date="2024-11-07T05:19:14.257" >
      <step title="DeploymentManager.GetResults" date="2024-11-07T05:19:14.261" /><!-- duration: 220ms -->
      <step title="Deployment 460ed95c-aa03-4208-8053-16d072ed43b0 is Building" date="2024-11-07T05:19:14.484" /><!-- duration: 5ms -->
    </step><!-- duration: 258ms -->
  </step><!-- duration: 265ms -->
  <step title="Outgoing response" date="2024-11-07T05:19:14.525" type="response" statusCode="202" statusText="Accepted" /><!-- duration: 6ms -->
</step><!-- duration: 340ms -->
