<step title="Incoming Request" date="2024-12-12T04:53:04.797" instance="8a1838" url="/api/zipdeploy?isAsync=true&amp;deployer=GITHUB_ZIP_DEPLOY&amp;message=%7B%22type%22%3A%22deployment%22%2C%22sha%22%3A%221785523fabe21b9948d7c9488fdfcc84fc6a0e8d%22%2C%22repoName%22%3A%22chatgptkwb%2Fprivategpt%22%2C%22actor%22%3A%22chatgptkwb%22%2C%22slotName%22%3A%22production%22%2C%22commitMessage%22%3A%22iframge%22%7D" method="POST" type="request" pid="93,1,22" Host="kashiwabaragpt.scm.azurewebsites.net" User-Agent="GITHUBACTIONS_DeployWebAppToAzure_9e0cbb54f05b7aae9545d9238362714469bea7624dedc6520f1f890ef7d4588e" Authorization="Bea..." Content-Type="application/octet-stream" Cookie="ARRAffinity=8a1838995f790a3ddb0d6c9a1c240936b4c4b52e18bfa748290afc2caac3c809;Path=/;HttpOnly;Secure;Domain=kashiwabaragpt.scm.azurewebsites.net; ARRAffinitySameSite=8a1838995f790a3ddb0d6c9a1c240936b4c4b52e18bfa748290afc2caac3c809;Path=/;HttpOnly;SameSite=None;Secure;Domain=kashiwabaragpt.scm.azurewebsites.net" Transfer-Encoding="chunked" X-ARR-LOG-ID="96528a29-e69b-498b-a6b7-a24b565fc85a" CLIENT-IP="20.102.210.222:9344" X-SITE-DEPLOYMENT-ID="kashiwabaragpt" WAS-DEFAULT-HOSTNAME="kashiwabaragpt.scm.azurewebsites.net" X-Forwarded-Proto="https" X-AppService-Proto="https" X-Forwarded-TlsVersion="1.3" X-WAWS-Unencoded-URL="/api/zipdeploy?isAsync=true&amp;deployer=GITHUB_ZIP_DEPLOY&amp;message=%7B%22type%22%3A%22deployment%22%2C%22sha%22%3A%221785523fabe21b9948d7c9488fdfcc84fc6a0e8d%22%2C%22repoName%22%3A%22chatgptkwb%2Fprivategpt%22%2C%22actor%22%3A%22chatgptkwb%22%2C%22slotName%22%3A%22production%22%2C%22commitMessage%22%3A%22iframge%22%7D" X-Client-IP="20.102.210.222" X-Client-Port="9344" >
  <step title="ZipPushDeploy" date="2024-12-12T04:53:04.831" >
    <step title="ZipDeploy. Extract zip." date="2024-12-12T04:53:04.842" /><!-- duration: 4ms -->
    <step title="None repository commit" date="2024-12-12T04:53:04.854" >
      <step title="Commit id: 24ce5c83-4e5f-4c3e-a5f8-c88a5786658f" date="2024-12-12T04:53:04.858" Message="N/A" AuthorName="N/A" AuthorEmail="N/A" /><!-- duration: 4ms -->
    </step><!-- duration: 12ms -->
    <step title="Starting PushDeployAsync" date="2024-12-12T04:53:04.870" /><!-- duration: 4ms -->
    <step title="Writing artifact to /tmp/zipdeploy/03f01f08-d331-444c-bc70-fe52d01e9fc2.zip" date="2024-12-12T04:53:04.887" >
      <step title="Writing request body to artifacts at /tmp/zipdeploy/03f01f08-d331-444c-bc70-fe52d01e9fc2.zip" date="2024-12-12T04:53:04.891" /><!-- duration: 4ms -->
    </step><!-- duration: 1210ms -->
    <step title="Start deployment in the background" date="2024-12-12T04:53:06.115" >
      <step title="Acquiring Deployment Lock" date="2024-12-12T04:53:06.129" /><!-- duration: 4ms -->
      <step title="Acquired Deployment Lock" date="2024-12-12T04:53:06.165" /><!-- duration: 4ms -->
    </step><!-- duration: 132ms -->
  </step><!-- duration: 1422ms -->
  <step title="Outgoing response" date="2024-12-12T04:53:06.260" type="response" statusCode="202" statusText="Accepted" /><!-- duration: 5ms -->
</step><!-- duration: 1472ms -->
