﻿<?xml version="1.0" encoding="utf-8"?>
<deployment>
  <id>2261e3d4-cd84-4db1-9468-e305895bf04b</id>
  <author>N/A</author>
  <deployer>OneDeploy</deployer>
  <authorEmail>N/A</authorEmail>
  <message>OneDeploy</message>
  <progress></progress>
  <status>Success</status>
  <statusText></statusText>
  <lastSuccessEndTime>2025-09-10T09:56:17.1121581Z</lastSuccessEndTime>
  <receivedTime>2025-09-10T09:56:04.3427663Z</receivedTime>
  <startTime>2025-09-10T09:56:05.7591571Z</startTime>
  <endTime>2025-09-10T09:56:17.1121581Z</endTime>
  <complete>True</complete>
  <is_temp>False</is_temp>
  <is_readonly>True</is_readonly>
  <buildSummary />
</deployment>