﻿<?xml version="1.0" encoding="utf-8"?>
<deployment>
  <id>b86a654a-6bf8-48ea-be69-e6ffef2c252c</id>
  <author>N/A</author>
  <deployer>OneDeploy</deployer>
  <authorEmail>N/A</authorEmail>
  <message>OneDeploy</message>
  <progress></progress>
  <status>Success</status>
  <statusText></statusText>
  <lastSuccessEndTime>2025-09-17T12:57:36.0704695Z</lastSuccessEndTime>
  <receivedTime>2025-09-17T12:57:24.5560111Z</receivedTime>
  <startTime>2025-09-17T12:57:25.9616241Z</startTime>
  <endTime>2025-09-17T12:57:36.0704695Z</endTime>
  <complete>True</complete>
  <is_temp>False</is_temp>
  <is_readonly>True</is_readonly>
  <buildSummary />
</deployment>