<step title="Incoming Request" date="2024-11-07T05:18:20.816" instance="9d19d1" url="/api/zipdeploy?isAsync=true&amp;deployer=GITHUB_ZIP_DEPLOY&amp;message=%7B%22type%22%3A%22deployment%22%2C%22sha%22%3A%221cba69497587e2487bfd05060e73aadaf73799d5%22%2C%22repoName%22%3A%22chatgptkwb%2Fprivategpt%22%2C%22actor%22%3A%22chatgptkwb%22%2C%22slotName%22%3A%22production%22%2C%22commitMessage%22%3A%22icon%20change%22%7D" method="POST" type="request" pid="93,1,33" Host="kashiwabaragpt.scm.azurewebsites.net" User-Agent="GITHUBACTIONS_DeployWebAppToAzure_9e0cbb54f05b7aae9545d9238362714469bea7624dedc6520f1f890ef7d4588e" Authorization="Bea..." Content-Type="application/octet-stream" Cookie="ARRAffinity=9d19d15556ed3c42a42f8cf745e7174cbeff39934dfef30365a8b45a6761885b;Path=/;HttpOnly;Secure;Domain=kashiwabaragpt.scm.azurewebsites.net; ARRAffinitySameSite=9d19d15556ed3c42a42f8cf745e7174cbeff39934dfef30365a8b45a6761885b;Path=/;HttpOnly;SameSite=None;Secure;Domain=kashiwabaragpt.scm.azurewebsites.net" Transfer-Encoding="chunked" X-ARR-LOG-ID="0ff7e3b5-d95e-4617-9a17-1f5c22809bb0" CLIENT-IP="74.249.14.210:44544" X-Client-IP="74.249.14.210" X-SITE-DEPLOYMENT-ID="kashiwabaragpt" WAS-DEFAULT-HOSTNAME="kashiwabaragpt.scm.azurewebsites.net" X-Forwarded-Proto="https" X-AppService-Proto="https" X-Forwarded-TlsVersion="1.3" X-WAWS-Unencoded-URL="/api/zipdeploy?isAsync=true&amp;deployer=GITHUB_ZIP_DEPLOY&amp;message=%7B%22type%22%3A%22deployment%22%2C%22sha%22%3A%221cba69497587e2487bfd05060e73aadaf73799d5%22%2C%22repoName%22%3A%22chatgptkwb%2Fprivategpt%22%2C%22actor%22%3A%22chatgptkwb%22%2C%22slotName%22%3A%22production%22%2C%22commitMessage%22%3A%22icon%20change%22%7D" X-Client-Port="44544" >
  <step title="ZipPushDeploy" date="2024-11-07T05:18:20.866" >
    <step title="ZipDeploy. Extract zip." date="2024-11-07T05:18:20.875" /><!-- duration: 3ms -->
    <step title="None repository commit" date="2024-11-07T05:18:20.885" >
      <step title="Commit id: 460ed95c-aa03-4208-8053-16d072ed43b0" date="2024-11-07T05:18:20.889" Message="N/A" AuthorName="N/A" AuthorEmail="N/A" /><!-- duration: 3ms -->
    </step><!-- duration: 10ms -->
    <step title="Starting PushDeployAsync" date="2024-11-07T05:18:20.898" /><!-- duration: 3ms -->
    <step title="Writing artifact to /tmp/zipdeploy/1e944c2e-2e32-4a3c-bd8d-247826c208a2.zip" date="2024-11-07T05:18:20.913" >
      <step title="Writing request body to artifacts at /tmp/zipdeploy/1e944c2e-2e32-4a3c-bd8d-247826c208a2.zip" date="2024-11-07T05:18:20.916" /><!-- duration: 3ms -->
    </step><!-- duration: 1172ms -->
    <step title="Start deployment in the background" date="2024-11-07T05:18:22.099" >
      <step title="Acquiring Deployment Lock" date="2024-11-07T05:18:22.110" /><!-- duration: 3ms -->
      <step title="Acquired Deployment Lock" date="2024-11-07T05:18:22.140" /><!-- duration: 6ms -->
    </step><!-- duration: 140ms -->
  </step><!-- duration: 1378ms -->
  <step title="Outgoing response" date="2024-11-07T05:18:22.250" type="response" statusCode="202" statusText="Accepted" /><!-- duration: 3ms -->
</step><!-- duration: 1439ms -->
