<step title="Incoming Request" date="2024-12-12T04:12:37.053" instance="8a1838" url="/api/deployments/latest?deployer=GITHUB_ZIP_DEPLOY&amp;time=2024-12-12_04-12-09Z" method="GET" type="request" pid="93,1,25" Host="kashiwabaragpt.scm.azurewebsites.net" User-Agent="GITHUBACTIONS_DeployWebAppToAzure_9e0cbb54f05b7aae9545d9238362714469bea7624dedc6520f1f890ef7d4588e" Authorization="Bea..." Content-Type="application/json; charset=utf-8" Cookie="ARRAffinity=8a1838995f790a3ddb0d6c9a1c240936b4c4b52e18bfa748290afc2caac3c809;Path=/;HttpOnly;Secure;Domain=kashiwabaragpt.scm.azurewebsites.net; ARRAffinitySameSite=8a1838995f790a3ddb0d6c9a1c240936b4c4b52e18bfa748290afc2caac3c809;Path=/;HttpOnly;SameSite=None;Secure;Domain=kashiwabaragpt.scm.azurewebsites.net" Content-Length="0" X-ARR-LOG-ID="73c773e0-c610-495e-8447-ec20a675f03a" CLIENT-IP="4.227.175.96:1216" X-SITE-DEPLOYMENT-ID="kashiwabaragpt" WAS-DEFAULT-HOSTNAME="kashiwabaragpt.scm.azurewebsites.net" X-Forwarded-Proto="https" X-AppService-Proto="https" X-Forwarded-TlsVersion="1.3" X-WAWS-Unencoded-URL="/api/deployments/latest?deployer=GITHUB_ZIP_DEPLOY&amp;time=2024-12-12_04-12-09Z" X-Client-IP="4.227.175.96" X-Client-Port="1216" >
  <step title="Cleanup Xml Logs" date="2024-12-12T04:12:37.079" >
    <step title="Cleanup Infos" date="2024-12-12T04:12:37.105" totalFiles="348" totalCleanup="188" /><!-- duration: 5ms -->
  </step><!-- duration: 35ms -->
  <step title="DeploymentService.GetResult" date="2024-12-12T04:12:37.124" >
    <step title="DeploymentService.GetLatestDeployment" date="2024-12-12T04:12:37.128" >
      <step title="DeploymentManager.GetResults" date="2024-12-12T04:12:37.134" /><!-- duration: 748ms -->
      <step title="Deployment 61565025-af1b-4056-a3e0-092f4193fbd9 is Building" date="2024-12-12T04:12:37.886" /><!-- duration: 4ms -->
    </step><!-- duration: 775ms -->
  </step><!-- duration: 783ms -->
  <step title="Outgoing response" date="2024-12-12T04:12:37.916" type="response" statusCode="202" statusText="Accepted" /><!-- duration: 15ms -->
</step><!-- duration: 889ms -->
