<step title="Incoming Request" date="2024-12-12T05:36:17.215" instance="8a1838" url="/api/zipdeploy?isAsync=true&amp;deployer=GITHUB_ZIP_DEPLOY&amp;message=%7B%22type%22%3A%22deployment%22%2C%22sha%22%3A%2232a60502d1cbd59550a9e9a41b1c3bd4d904e78d%22%2C%22repoName%22%3A%22chatgptkwb%2Fprivategpt%22%2C%22actor%22%3A%22chatgptkwb%22%2C%22slotName%22%3A%22production%22%2C%22commitMessage%22%3A%22menu%20change2%22%7D" method="POST" type="request" pid="93,1,39" Host="kashiwabaragpt.scm.azurewebsites.net" User-Agent="GITHUBACTIONS_DeployWebAppToAzure_9e0cbb54f05b7aae9545d9238362714469bea7624dedc6520f1f890ef7d4588e" Authorization="Bea..." Content-Type="application/octet-stream" Cookie="ARRAffinity=8a1838995f790a3ddb0d6c9a1c240936b4c4b52e18bfa748290afc2caac3c809;Path=/;HttpOnly;Secure;Domain=kashiwabaragpt.scm.azurewebsites.net; ARRAffinitySameSite=8a1838995f790a3ddb0d6c9a1c240936b4c4b52e18bfa748290afc2caac3c809;Path=/;HttpOnly;SameSite=None;Secure;Domain=kashiwabaragpt.scm.azurewebsites.net" Transfer-Encoding="chunked" X-ARR-LOG-ID="71994316-ec22-4ebd-a250-cc9e29175e43" CLIENT-IP="20.75.95.251:36608" X-SITE-DEPLOYMENT-ID="kashiwabaragpt" WAS-DEFAULT-HOSTNAME="kashiwabaragpt.scm.azurewebsites.net" X-Forwarded-Proto="https" X-AppService-Proto="https" X-Forwarded-TlsVersion="1.3" X-WAWS-Unencoded-URL="/api/zipdeploy?isAsync=true&amp;deployer=GITHUB_ZIP_DEPLOY&amp;message=%7B%22type%22%3A%22deployment%22%2C%22sha%22%3A%2232a60502d1cbd59550a9e9a41b1c3bd4d904e78d%22%2C%22repoName%22%3A%22chatgptkwb%2Fprivategpt%22%2C%22actor%22%3A%22chatgptkwb%22%2C%22slotName%22%3A%22production%22%2C%22commitMessage%22%3A%22menu%20change2%22%7D" X-Client-IP="20.75.95.251" X-Client-Port="36608" >
  <step title="ZipPushDeploy" date="2024-12-12T05:36:17.246" >
    <step title="ZipDeploy. Extract zip." date="2024-12-12T05:36:17.257" /><!-- duration: 4ms -->
    <step title="None repository commit" date="2024-12-12T05:36:17.269" >
      <step title="Commit id: 343a89e4-d69f-4b92-93a4-28e5d341fc3c" date="2024-12-12T05:36:17.273" Message="N/A" AuthorName="N/A" AuthorEmail="N/A" /><!-- duration: 4ms -->
    </step><!-- duration: 12ms -->
    <step title="Starting PushDeployAsync" date="2024-12-12T05:36:17.285" /><!-- duration: 4ms -->
    <step title="Writing artifact to /tmp/zipdeploy/c5aeae96-1d5c-49ee-b1b0-509e9de73d6b.zip" date="2024-12-12T05:36:17.305" >
      <step title="Writing request body to artifacts at /tmp/zipdeploy/c5aeae96-1d5c-49ee-b1b0-509e9de73d6b.zip" date="2024-12-12T05:36:17.309" /><!-- duration: 4ms -->
    </step><!-- duration: 1193ms -->
    <step title="Start deployment in the background" date="2024-12-12T05:36:18.531" >
      <step title="Acquiring Deployment Lock" date="2024-12-12T05:36:18.545" /><!-- duration: 10ms -->
      <step title="Acquired Deployment Lock" date="2024-12-12T05:36:18.584" /><!-- duration: 4ms -->
    </step><!-- duration: 132ms -->
  </step><!-- duration: 1423ms -->
  <step title="Outgoing response" date="2024-12-12T05:36:18.676" type="response" statusCode="202" statusText="Accepted" /><!-- duration: 4ms -->
</step><!-- duration: 1469ms -->
