<step title="Incoming Request" date="2024-12-12T05:12:57.436" instance="8a1838" url="/api/deployments/latest?deployer=GITHUB_ZIP_DEPLOY&amp;time=2024-12-12_05-12-04Z" method="GET" type="request" pid="87,1,49" Host="kashiwabaragpt.scm.azurewebsites.net" User-Agent="GITHUBACTIONS_DeployWebAppToAzure_9e0cbb54f05b7aae9545d9238362714469bea7624dedc6520f1f890ef7d4588e" Authorization="Bea..." Content-Type="application/json; charset=utf-8" Cookie="ARRAffinity=8a1838995f790a3ddb0d6c9a1c240936b4c4b52e18bfa748290afc2caac3c809;Path=/;HttpOnly;Secure;Domain=kashiwabaragpt.scm.azurewebsites.net; ARRAffinitySameSite=8a1838995f790a3ddb0d6c9a1c240936b4c4b52e18bfa748290afc2caac3c809;Path=/;HttpOnly;SameSite=None;Secure;Domain=kashiwabaragpt.scm.azurewebsites.net" Content-Length="0" X-ARR-LOG-ID="40722e85-a124-4256-ba36-1038057f28eb" CLIENT-IP="74.249.21.241:50880" X-SITE-DEPLOYMENT-ID="kashiwabaragpt" WAS-DEFAULT-HOSTNAME="kashiwabaragpt.scm.azurewebsites.net" X-Forwarded-Proto="https" X-AppService-Proto="https" X-Forwarded-TlsVersion="1.3" X-WAWS-Unencoded-URL="/api/deployments/latest?deployer=GITHUB_ZIP_DEPLOY&amp;time=2024-12-12_05-12-04Z" X-Client-IP="74.249.21.241" X-Client-Port="50880" >
  <step title="Cleanup Xml Logs" date="2024-12-12T05:12:57.441" >
    <step title="Cleanup Infos" date="2024-12-12T05:12:57.467" totalFiles="421" totalCleanup="261" /><!-- duration: 7ms -->
  </step><!-- duration: 44ms -->
  <step title="DeploymentService.GetResult" date="2024-12-12T05:12:57.523" >
    <step title="DeploymentService.GetLatestDeployment" date="2024-12-12T05:12:57.535" >
      <step title="DeploymentManager.GetResults" date="2024-12-12T05:12:57.564" /><!-- duration: 635ms -->
      <step title="Deployment d7f7992a-57ee-4508-8bc7-64f4e2147cee is Building" date="2024-12-12T05:12:58.207" /><!-- duration: 4ms -->
    </step><!-- duration: 683ms -->
  </step><!-- duration: 702ms -->
  <step title="Outgoing response" date="2024-12-12T05:12:58.253" type="response" statusCode="202" statusText="Accepted" /><!-- duration: 10ms -->
</step><!-- duration: 835ms -->
