<step title="Incoming Request" date="2024-06-14T07:32:18.570" instance="3c1047" url="/api/zipdeploy?isAsync=true&amp;deployer=GITHUB_ZIP_DEPLOY&amp;message=%7B%22type%22%3A%22deployment%22%2C%22sha%22%3A%22a35891c812391719a49c8ca4e4c7e2aa10b6b387%22%2C%22repoName%22%3A%22chatgptkwb%2Fprivategpt%22%2C%22actor%22%3A%22chatgptkwb%22%2C%22slotName%22%3A%22production%22%2C%22commitMessage%22%3A%22%22%7D" method="POST" type="request" pid="93,1,7" Host="kashiwabaragpt.scm.azurewebsites.net" User-Agent="GITHUBACTIONS_DeployWebAppToAzure_9e0cbb54f05b7aae9545d9238362714469bea7624dedc6520f1f890ef7d4588e" Authorization="Bea..." Content-Type="application/octet-stream" Cookie="ARRAffinity=3c10472245338208afd4ddb06a0fc7a3e93be27145f1e0a442a8d96e9674f38a;Path=/;HttpOnly;Secure;Domain=kashiwabaragpt.scm.azurewebsites.net; ARRAffinitySameSite=3c10472245338208afd4ddb06a0fc7a3e93be27145f1e0a442a8d96e9674f38a;Path=/;HttpOnly;SameSite=None;Secure;Domain=kashiwabaragpt.scm.azurewebsites.net" Transfer-Encoding="chunked" X-ARR-LOG-ID="2f962404-a11e-4fc2-821f-3fd9d372dc99" CLIENT-IP="20.55.15.36:37920" X-Client-IP="20.55.15.36" X-SITE-DEPLOYMENT-ID="kashiwabaragpt" WAS-DEFAULT-HOSTNAME="kashiwabaragpt.scm.azurewebsites.net" X-Forwarded-Proto="https" X-AppService-Proto="https" X-Forwarded-TlsVersion="1.3" X-WAWS-Unencoded-URL="/api/zipdeploy?isAsync=true&amp;deployer=GITHUB_ZIP_DEPLOY&amp;message=%7B%22type%22%3A%22deployment%22%2C%22sha%22%3A%22a35891c812391719a49c8ca4e4c7e2aa10b6b387%22%2C%22repoName%22%3A%22chatgptkwb%2Fprivategpt%22%2C%22actor%22%3A%22chatgptkwb%22%2C%22slotName%22%3A%22production%22%2C%22commitMessage%22%3A%22%22%7D" X-Client-Port="37920" >
  <step title="ZipPushDeploy" date="2024-06-14T07:32:18.589" >
    <step title="ZipDeploy. Extract zip." date="2024-06-14T07:32:18.602" /><!-- duration: 5ms -->
    <step title="None repository commit" date="2024-06-14T07:32:18.615" >
      <step title="Commit id: f8992ea9-8367-4d90-8d84-5e77e53504f1" date="2024-06-14T07:32:18.618" Message="N/A" AuthorName="N/A" AuthorEmail="N/A" /><!-- duration: 3ms -->
    </step><!-- duration: 12ms -->
    <step title="Writing artifact to /tmp/zipdeploy/f7d7d46b-b46a-43e0-a4a1-2207cde600e2.zip" date="2024-06-14T07:32:18.644" /><!-- duration: 1272ms -->
    <step title="Start deployment in the background" date="2024-06-14T07:32:19.931" >
      <step title="Acquiring Deployment Lock" date="2024-06-14T07:32:19.949" /><!-- duration: 3ms -->
      <step title="Acquired Deployment Lock" date="2024-06-14T07:32:19.984" /><!-- duration: 3ms -->
    </step><!-- duration: 167ms -->
  </step><!-- duration: 1516ms -->
  <step title="Outgoing response" date="2024-06-14T07:32:20.113" type="response" statusCode="202" statusText="Accepted" /><!-- duration: 3ms -->
</step><!-- duration: 1550ms -->
