<step title="Incoming Request" date="2024-11-28T04:44:21.608" instance="8a1838" url="/api/deployments/latest?deployer=GITHUB_ZIP_DEPLOY&amp;time=2024-11-28_04-44-02Z" method="GET" type="request" pid="87,1,90" Host="kashiwabaragpt.scm.azurewebsites.net" User-Agent="GITHUBACTIONS_DeployWebAppToAzure_9e0cbb54f05b7aae9545d9238362714469bea7624dedc6520f1f890ef7d4588e" Authorization="Bea..." Content-Type="application/json; charset=utf-8" Cookie="ARRAffinity=8a1838995f790a3ddb0d6c9a1c240936b4c4b52e18bfa748290afc2caac3c809;Path=/;HttpOnly;Secure;Domain=kashiwabaragpt.scm.azurewebsites.net; ARRAffinitySameSite=8a1838995f790a3ddb0d6c9a1c240936b4c4b52e18bfa748290afc2caac3c809;Path=/;HttpOnly;SameSite=None;Secure;Domain=kashiwabaragpt.scm.azurewebsites.net" Content-Length="0" X-ARR-LOG-ID="16ffd134-7786-448a-b8d5-00ed6a38c32b" CLIENT-IP="20.102.46.152:13505" X-SITE-DEPLOYMENT-ID="kashiwabaragpt" WAS-DEFAULT-HOSTNAME="kashiwabaragpt.scm.azurewebsites.net" X-Forwarded-Proto="https" X-AppService-Proto="https" X-Forwarded-TlsVersion="1.3" X-WAWS-Unencoded-URL="/api/deployments/latest?deployer=GITHUB_ZIP_DEPLOY&amp;time=2024-11-28_04-44-02Z" X-Client-IP="20.102.46.152" X-Client-Port="13505" >
  <step title="Cleanup Xml Logs" date="2024-11-28T04:44:21.617" /><!-- duration: 51ms -->
  <step title="DeploymentService.GetResult" date="2024-11-28T04:44:21.701" >
    <step title="DeploymentService.GetLatestDeployment" date="2024-11-28T04:44:21.706" >
      <step title="DeploymentManager.GetResults" date="2024-11-28T04:44:21.721" /><!-- duration: 461ms -->
      <step title="Deployment 3b676b6e-200f-4c4e-b7ef-5c207fb77a1c is Building" date="2024-11-28T04:44:22.194" /><!-- duration: 8ms -->
    </step><!-- duration: 502ms -->
  </step><!-- duration: 517ms -->
  <step title="Outgoing response" date="2024-11-28T04:44:22.225" type="response" statusCode="202" statusText="Accepted" /><!-- duration: 8ms -->
</step><!-- duration: 631ms -->
