<step title="Incoming Request" date="2024-12-12T05:48:30.751" instance="8a1838" url="/api/deployments/latest?deployer=GITHUB_ZIP_DEPLOY&amp;time=2024-12-12_05-47-39Z" method="GET" type="request" pid="93,1,19" Host="kashiwabaragpt.scm.azurewebsites.net" User-Agent="GITHUBACTIONS_DeployWebAppToAzure_9e0cbb54f05b7aae9545d9238362714469bea7624dedc6520f1f890ef7d4588e" Authorization="Bea..." Content-Type="application/json; charset=utf-8" Cookie="ARRAffinity=8a1838995f790a3ddb0d6c9a1c240936b4c4b52e18bfa748290afc2caac3c809;Path=/;HttpOnly;Secure;Domain=kashiwabaragpt.scm.azurewebsites.net; ARRAffinitySameSite=8a1838995f790a3ddb0d6c9a1c240936b4c4b52e18bfa748290afc2caac3c809;Path=/;HttpOnly;SameSite=None;Secure;Domain=kashiwabaragpt.scm.azurewebsites.net" Content-Length="0" X-ARR-LOG-ID="b5374f52-e6db-4c20-b893-6e86e1d33690" CLIENT-IP="20.172.24.210:54288" X-SITE-DEPLOYMENT-ID="kashiwabaragpt" WAS-DEFAULT-HOSTNAME="kashiwabaragpt.scm.azurewebsites.net" X-Forwarded-Proto="https" X-AppService-Proto="https" X-Forwarded-TlsVersion="1.3" X-WAWS-Unencoded-URL="/api/deployments/latest?deployer=GITHUB_ZIP_DEPLOY&amp;time=2024-12-12_05-47-39Z" X-Client-IP="20.172.24.210" X-Client-Port="54288" >
  <step title="Cleanup Xml Logs" date="2024-12-12T05:48:30.766" >
    <step title="Cleanup Infos" date="2024-12-12T05:48:30.818" totalFiles="475" totalCleanup="315" /><!-- duration: 8ms -->
  </step><!-- duration: 72ms -->
  <step title="DeploymentService.GetResult" date="2024-12-12T05:48:30.871" >
    <step title="DeploymentService.GetLatestDeployment" date="2024-12-12T05:48:30.884" >
      <step title="DeploymentManager.GetResults" date="2024-12-12T05:48:30.919" /><!-- duration: 730ms -->
      <step title="Deployment 106f2816-5361-4035-80a6-00adf5d7218b is Building" date="2024-12-12T05:48:31.657" /><!-- duration: 8ms -->
    </step><!-- duration: 785ms -->
  </step><!-- duration: 802ms -->
  <step title="Outgoing response" date="2024-12-12T05:48:31.680" type="response" statusCode="202" statusText="Accepted" /><!-- duration: 32ms -->
</step><!-- duration: 967ms -->
