<step title="Incoming Request" date="2024-12-12T05:12:18.047" instance="8a1838" url="/api/deployments/latest?deployer=GITHUB_ZIP_DEPLOY&amp;time=2024-12-12_05-12-04Z" method="GET" type="request" pid="87,1,45" Host="kashiwabaragpt.scm.azurewebsites.net" User-Agent="GITHUBACTIONS_DeployWebAppToAzure_9e0cbb54f05b7aae9545d9238362714469bea7624dedc6520f1f890ef7d4588e" Authorization="Bea..." Content-Type="application/json; charset=utf-8" Cookie="ARRAffinity=8a1838995f790a3ddb0d6c9a1c240936b4c4b52e18bfa748290afc2caac3c809;Path=/;HttpOnly;Secure;Domain=kashiwabaragpt.scm.azurewebsites.net; ARRAffinitySameSite=8a1838995f790a3ddb0d6c9a1c240936b4c4b52e18bfa748290afc2caac3c809;Path=/;HttpOnly;SameSite=None;Secure;Domain=kashiwabaragpt.scm.azurewebsites.net" Content-Length="0" X-ARR-LOG-ID="f9fd7107-1398-478f-b321-686564235024" CLIENT-IP="74.249.21.241:50880" X-SITE-DEPLOYMENT-ID="kashiwabaragpt" WAS-DEFAULT-HOSTNAME="kashiwabaragpt.scm.azurewebsites.net" X-Forwarded-Proto="https" X-AppService-Proto="https" X-Forwarded-TlsVersion="1.3" X-WAWS-Unencoded-URL="/api/deployments/latest?deployer=GITHUB_ZIP_DEPLOY&amp;time=2024-12-12_05-12-04Z" X-Client-IP="74.249.21.241" X-Client-Port="50880" >
  <step title="Cleanup Xml Logs" date="2024-12-12T05:12:18.063" >
    <step title="Cleanup Infos" date="2024-12-12T05:12:18.126" totalFiles="415" totalCleanup="255" /><!-- duration: 14ms -->
  </step><!-- duration: 84ms -->
  <step title="DeploymentService.GetResult" date="2024-12-12T05:12:18.186" >
    <step title="DeploymentService.GetLatestDeployment" date="2024-12-12T05:12:18.195" >
      <step title="DeploymentManager.GetResults" date="2024-12-12T05:12:18.204" /><!-- duration: 749ms -->
      <step title="Deployment d7f7992a-57ee-4508-8bc7-64f4e2147cee is Building" date="2024-12-12T05:12:18.958" /><!-- duration: 4ms -->
    </step><!-- duration: 771ms -->
  </step><!-- duration: 786ms -->
  <step title="Outgoing response" date="2024-12-12T05:12:18.979" type="response" statusCode="202" statusText="Accepted" /><!-- duration: 11ms -->
</step><!-- duration: 957ms -->
