<step title="Incoming Request" date="2024-12-12T04:42:57.212" instance="8a1838" url="/api/deployments/latest?deployer=GITHUB_ZIP_DEPLOY&amp;time=2024-12-12_04-42-31Z" method="GET" type="request" pid="92,1,37" Host="kashiwabaragpt.scm.azurewebsites.net" User-Agent="GITHUBACTIONS_DeployWebAppToAzure_9e0cbb54f05b7aae9545d9238362714469bea7624dedc6520f1f890ef7d4588e" Authorization="Bea..." Content-Type="application/json; charset=utf-8" Cookie="ARRAffinity=8a1838995f790a3ddb0d6c9a1c240936b4c4b52e18bfa748290afc2caac3c809;Path=/;HttpOnly;Secure;Domain=kashiwabaragpt.scm.azurewebsites.net; ARRAffinitySameSite=8a1838995f790a3ddb0d6c9a1c240936b4c4b52e18bfa748290afc2caac3c809;Path=/;HttpOnly;SameSite=None;Secure;Domain=kashiwabaragpt.scm.azurewebsites.net" Content-Length="0" X-ARR-LOG-ID="08760bea-c318-4ba6-84fd-720cc3e5fdc8" CLIENT-IP="4.227.115.96:48192" X-SITE-DEPLOYMENT-ID="kashiwabaragpt" WAS-DEFAULT-HOSTNAME="kashiwabaragpt.scm.azurewebsites.net" X-Forwarded-Proto="https" X-AppService-Proto="https" X-Forwarded-TlsVersion="1.3" X-WAWS-Unencoded-URL="/api/deployments/latest?deployer=GITHUB_ZIP_DEPLOY&amp;time=2024-12-12_04-42-31Z" X-Client-IP="4.227.115.96" X-Client-Port="48192" >
  <step title="Cleanup Xml Logs" date="2024-12-12T04:42:57.218" >
    <step title="Cleanup Infos" date="2024-12-12T04:42:57.253" totalFiles="390" totalCleanup="230" /><!-- duration: 8ms -->
  </step><!-- duration: 74ms -->
  <step title="DeploymentService.GetResult" date="2024-12-12T04:42:57.308" >
    <step title="DeploymentService.GetLatestDeployment" date="2024-12-12T04:42:57.327" >
      <step title="DeploymentManager.GetResults" date="2024-12-12T04:42:57.332" /><!-- duration: 869ms -->
      <step title="Deployment be45f8dd-9464-4fef-844c-929258932cab is Building" date="2024-12-12T04:42:58.208" /><!-- duration: 5ms -->
    </step><!-- duration: 903ms -->
  </step><!-- duration: 930ms -->
  <step title="Outgoing response" date="2024-12-12T04:42:58.247" type="response" statusCode="202" statusText="Accepted" /><!-- duration: 6ms -->
</step><!-- duration: 1046ms -->
