<step title="Incoming Request" date="2024-12-12T05:19:08.344" instance="8a1838" url="/api/zipdeploy?isAsync=true&amp;deployer=GITHUB_ZIP_DEPLOY&amp;message=%7B%22type%22%3A%22deployment%22%2C%22sha%22%3A%228144be5560b94ddd72ddf1b60de643d682a80589%22%2C%22repoName%22%3A%22chatgptkwb%2Fprivategpt%22%2C%22actor%22%3A%22chatgptkwb%22%2C%22slotName%22%3A%22production%22%2C%22commitMessage%22%3A%22menu%20change2%22%7D" method="POST" type="request" pid="87,1,18" Host="kashiwabaragpt.scm.azurewebsites.net" User-Agent="GITHUBACTIONS_DeployWebAppToAzure_9e0cbb54f05b7aae9545d9238362714469bea7624dedc6520f1f890ef7d4588e" Authorization="Bea..." Content-Type="application/octet-stream" Cookie="ARRAffinity=8a1838995f790a3ddb0d6c9a1c240936b4c4b52e18bfa748290afc2caac3c809;Path=/;HttpOnly;Secure;Domain=kashiwabaragpt.scm.azurewebsites.net; ARRAffinitySameSite=8a1838995f790a3ddb0d6c9a1c240936b4c4b52e18bfa748290afc2caac3c809;Path=/;HttpOnly;SameSite=None;Secure;Domain=kashiwabaragpt.scm.azurewebsites.net" Transfer-Encoding="chunked" X-ARR-LOG-ID="2fe02e2f-5503-4082-8dbf-b9758e41d9bf" CLIENT-IP="20.51.198.252:38016" X-SITE-DEPLOYMENT-ID="kashiwabaragpt" WAS-DEFAULT-HOSTNAME="kashiwabaragpt.scm.azurewebsites.net" X-Forwarded-Proto="https" X-AppService-Proto="https" X-Forwarded-TlsVersion="1.3" X-WAWS-Unencoded-URL="/api/zipdeploy?isAsync=true&amp;deployer=GITHUB_ZIP_DEPLOY&amp;message=%7B%22type%22%3A%22deployment%22%2C%22sha%22%3A%228144be5560b94ddd72ddf1b60de643d682a80589%22%2C%22repoName%22%3A%22chatgptkwb%2Fprivategpt%22%2C%22actor%22%3A%22chatgptkwb%22%2C%22slotName%22%3A%22production%22%2C%22commitMessage%22%3A%22menu%20change2%22%7D" X-Client-IP="20.51.198.252" X-Client-Port="38016" >
  <step title="ZipPushDeploy" date="2024-12-12T05:19:08.376" >
    <step title="ZipDeploy. Extract zip." date="2024-12-12T05:19:08.392" /><!-- duration: 4ms -->
    <step title="None repository commit" date="2024-12-12T05:19:08.404" >
      <step title="Commit id: 320386bd-3ae8-4a9a-b3cf-078c93761b7f" date="2024-12-12T05:19:08.408" Message="N/A" AuthorName="N/A" AuthorEmail="N/A" /><!-- duration: 4ms -->
    </step><!-- duration: 11ms -->
    <step title="Starting PushDeployAsync" date="2024-12-12T05:19:08.419" /><!-- duration: 4ms -->
    <step title="Writing artifact to /tmp/zipdeploy/ee8b16c0-f0f9-443c-9b96-7865dd3858a0.zip" date="2024-12-12T05:19:08.438" >
      <step title="Writing request body to artifacts at /tmp/zipdeploy/ee8b16c0-f0f9-443c-9b96-7865dd3858a0.zip" date="2024-12-12T05:19:08.443" /><!-- duration: 4ms -->
    </step><!-- duration: 1195ms -->
    <step title="Start deployment in the background" date="2024-12-12T05:19:09.651" >
      <step title="Acquiring Deployment Lock" date="2024-12-12T05:19:09.674" /><!-- duration: 4ms -->
      <step title="Acquired Deployment Lock" date="2024-12-12T05:19:09.708" /><!-- duration: 4ms -->
    </step><!-- duration: 156ms -->
  </step><!-- duration: 1437ms -->
  <step title="Outgoing response" date="2024-12-12T05:19:09.820" type="response" statusCode="202" statusText="Accepted" /><!-- duration: 4ms -->
</step><!-- duration: 1483ms -->
