<step title="Incoming Request" date="2024-12-12T05:36:37.756" instance="8a1838" url="/api/deployments/latest?deployer=GITHUB_ZIP_DEPLOY&amp;time=2024-12-12_05-36-18Z" method="GET" type="request" pid="93,1,43" Host="kashiwabaragpt.scm.azurewebsites.net" User-Agent="GITHUBACTIONS_DeployWebAppToAzure_9e0cbb54f05b7aae9545d9238362714469bea7624dedc6520f1f890ef7d4588e" Authorization="Bea..." Content-Type="application/json; charset=utf-8" Cookie="ARRAffinity=8a1838995f790a3ddb0d6c9a1c240936b4c4b52e18bfa748290afc2caac3c809;Path=/;HttpOnly;Secure;Domain=kashiwabaragpt.scm.azurewebsites.net; ARRAffinitySameSite=8a1838995f790a3ddb0d6c9a1c240936b4c4b52e18bfa748290afc2caac3c809;Path=/;HttpOnly;SameSite=None;Secure;Domain=kashiwabaragpt.scm.azurewebsites.net" Content-Length="0" X-ARR-LOG-ID="6e343aa5-6151-40c9-acb8-8e3b52026dea" CLIENT-IP="20.75.95.251:36609" X-SITE-DEPLOYMENT-ID="kashiwabaragpt" WAS-DEFAULT-HOSTNAME="kashiwabaragpt.scm.azurewebsites.net" X-Forwarded-Proto="https" X-AppService-Proto="https" X-Forwarded-TlsVersion="1.3" X-WAWS-Unencoded-URL="/api/deployments/latest?deployer=GITHUB_ZIP_DEPLOY&amp;time=2024-12-12_05-36-18Z" X-Client-IP="20.75.95.251" X-Client-Port="36609" >
  <step title="Cleanup Xml Logs" date="2024-12-12T05:36:37.760" >
    <step title="Cleanup Infos" date="2024-12-12T05:36:37.791" totalFiles="444" totalCleanup="284" /><!-- duration: 7ms -->
  </step><!-- duration: 43ms -->
  <step title="DeploymentService.GetResult" date="2024-12-12T05:36:37.822" >
    <step title="DeploymentService.GetLatestDeployment" date="2024-12-12T05:36:37.836" >
      <step title="DeploymentManager.GetResults" date="2024-12-12T05:36:37.841" /><!-- duration: 892ms -->
      <step title="Deployment 343a89e4-d69f-4b92-93a4-28e5d341fc3c is Building" date="2024-12-12T05:36:38.741" /><!-- duration: 4ms -->
    </step><!-- duration: 914ms -->
  </step><!-- duration: 931ms -->
  <step title="Outgoing response" date="2024-12-12T05:36:38.760" type="response" statusCode="202" statusText="Accepted" /><!-- duration: 7ms -->
</step><!-- duration: 1025ms -->
