<step title="Incoming Request" date="2024-12-12T05:47:58.618" instance="8a1838" url="/api/deployments/latest?deployer=GITHUB_ZIP_DEPLOY&amp;time=2024-12-12_05-47-39Z" method="GET" type="request" pid="93,1,23" Host="kashiwabaragpt.scm.azurewebsites.net" User-Agent="GITHUBACTIONS_DeployWebAppToAzure_9e0cbb54f05b7aae9545d9238362714469bea7624dedc6520f1f890ef7d4588e" Authorization="Bea..." Content-Type="application/json; charset=utf-8" Cookie="ARRAffinity=8a1838995f790a3ddb0d6c9a1c240936b4c4b52e18bfa748290afc2caac3c809;Path=/;HttpOnly;Secure;Domain=kashiwabaragpt.scm.azurewebsites.net; ARRAffinitySameSite=8a1838995f790a3ddb0d6c9a1c240936b4c4b52e18bfa748290afc2caac3c809;Path=/;HttpOnly;SameSite=None;Secure;Domain=kashiwabaragpt.scm.azurewebsites.net" Content-Length="0" X-ARR-LOG-ID="da286d61-c793-4453-aa0c-5f5f96f00173" CLIENT-IP="20.172.24.210:54289" X-SITE-DEPLOYMENT-ID="kashiwabaragpt" WAS-DEFAULT-HOSTNAME="kashiwabaragpt.scm.azurewebsites.net" X-Forwarded-Proto="https" X-AppService-Proto="https" X-Forwarded-TlsVersion="1.3" X-WAWS-Unencoded-URL="/api/deployments/latest?deployer=GITHUB_ZIP_DEPLOY&amp;time=2024-12-12_05-47-39Z" X-Client-IP="20.172.24.210" X-Client-Port="54289" >
  <step title="Cleanup Xml Logs" date="2024-12-12T05:47:58.638" >
    <step title="Cleanup Infos" date="2024-12-12T05:47:58.660" totalFiles="470" totalCleanup="310" /><!-- duration: 13ms -->
  </step><!-- duration: 40ms -->
  <step title="DeploymentService.GetResult" date="2024-12-12T05:47:58.697" >
    <step title="DeploymentService.GetLatestDeployment" date="2024-12-12T05:47:58.704" >
      <step title="DeploymentManager.GetResults" date="2024-12-12T05:47:58.722" /><!-- duration: 716ms -->
      <step title="Deployment 106f2816-5361-4035-80a6-00adf5d7218b is Building" date="2024-12-12T05:47:59.445" /><!-- duration: 6ms -->
    </step><!-- duration: 755ms -->
  </step><!-- duration: 769ms -->
  <step title="Outgoing response" date="2024-12-12T05:47:59.475" type="response" statusCode="202" statusText="Accepted" /><!-- duration: 6ms -->
</step><!-- duration: 868ms -->
