<step title="BackgroundTrace" date="2024-06-14T07:32:19.935" instance="3c1047" url="/api/zipdeploy" method="POST" >
  <step title="Creating temporary deployment - FetchDeploymentManager" date="2024-06-14T07:32:19.991" /><!-- duration: 3ms -->
  <step title="Creating temporary deployment" date="2024-06-14T07:32:19.998" /><!-- duration: 82ms -->
  <step title="Before sending BuildRequestReceived status to /api/updatedeploystatus" date="2024-06-14T07:32:20.085" /><!-- duration: 7ms -->
  <step title="Performing fetch based deployment" date="2024-06-14T07:32:20.154" >
    <step title="Cleaning up temp folders from previous zip deployments and extracting pushed zip file /tmp/zipdeploy/f7d7d46b-b46a-43e0-a4a1-2207cde600e2.zip (7.22 MB) to /tmp/zipdeploy/extracted" date="2024-06-14T07:32:21.270" >
      <step title="ChmodRecursive Process exited with total time taken in ms: 52" date="2024-06-14T07:32:23.439" /><!-- duration: 5ms -->
    </step><!-- duration: 2177ms -->
    <step title="Deployment timer started" date="2024-06-14T07:32:25.460" >
      <step title="DeploymentManager.Deploy(id:f8992ea9-8367-4d90-8d84-5e77e53504f1)" date="2024-06-14T07:32:25.467" >
        <step title="Collecting changeset information" date="2024-06-14T07:32:25.491" /><!-- duration: 73ms -->
        <step title="Updating submodules" date="2024-06-14T07:32:25.571" /><!-- duration: 1087ms -->
        <step title="Determining deployment builder" date="2024-06-14T07:32:26.816" >
          <step title="Builder is BasicBuilder" date="2024-06-14T07:32:26.829" /><!-- duration: 3ms -->
        </step><!-- duration: 20ms -->
        <step title="PreDeployment: context.CleanOutputPath False" date="2024-06-14T07:32:26.866" >
          <step title="PreDeployment: context.OutputPath /home/site/wwwroot" date="2024-06-14T07:32:26.938" >
            <step title="Building" date="2024-06-14T07:32:27.042" >
              <step title="Generating deployment script" date="2024-06-14T07:32:27.398" >
                <step title="Using cached version of the deployment script for command: -y --no-dot-deployment -r &quot;/tmp/zipdeploy/extracted&quot; -o &quot;/home/site/deployments/tools&quot; --basic --sitePath &quot;/tmp/zipdeploy/extracted&quot;" date="2024-06-14T07:32:27.429" /><!-- duration: 3ms -->
              </step><!-- duration: 51ms -->
              <step title="Executing external process" date="2024-06-14T07:32:27.551" type="process" path="starter.sh" arguments="&quot;/home/site/deployments/tools/deploy.sh&quot;" /><!-- duration: 44550ms -->
              <step title="Triggering recycle (preview mode disabled)." date="2024-06-14T07:33:12.282" /><!-- duration: 3ms -->
              <step title="Modified file to trigger a restart of the app container." date="2024-06-14T07:33:12.311" /><!-- duration: 3ms -->
              <step title="Skip function trigger and logicapp sync because function is not enabled." date="2024-06-14T07:33:12.319" /><!-- duration: 3ms -->
              <step title="Purge deployment items" date="2024-06-14T07:33:12.824" >
                <step title="Remove d30b0beb-, Failed, received at 06/14/2024 07:32:02" date="2024-06-14T07:33:12.860" /><!-- duration: 4ms -->
                <step title="Remove temp-6cc1, Failed, received at 06/14/2024 07:31:56" date="2024-06-14T07:33:12.901" /><!-- duration: 3ms -->
              </step><!-- duration: 86ms -->
            </step><!-- duration: 45906ms -->
          </step><!-- duration: 46015ms -->
          <step title="Cleaning up temp files" date="2024-06-14T07:33:12.957" /><!-- duration: 4ms -->
          <step title="Cleaning up temp files" date="2024-06-14T07:33:12.964" /><!-- duration: 504ms -->
          <step title="Reloading status file with latest updates" date="2024-06-14T07:33:13.497" >
            <step title="WebHooksManager.PublishEventAsync: PostDeployment" date="2024-06-14T07:33:13.502" /><!-- duration: 33ms -->
          </step><!-- duration: 42ms -->
          <step title="Cleaning up temporary deployment - fetch deployment was successful" date="2024-06-14T07:33:13.545" /><!-- duration: 3ms -->
        </step><!-- duration: 46739ms -->
      </step><!-- duration: 48156ms -->
