<step title="Incoming Request" date="2024-12-04T03:29:49.661" instance="8a1838" url="/api/deployments/latest?deployer=GITHUB_ZIP_DEPLOY&amp;time=2024-12-04_03-29-36Z" method="GET" type="request" pid="93,1,17" Host="kashiwabaragpt.scm.azurewebsites.net" User-Agent="GITHUBACTIONS_DeployWebAppToAzure_9e0cbb54f05b7aae9545d9238362714469bea7624dedc6520f1f890ef7d4588e" Authorization="Bea..." Content-Type="application/json; charset=utf-8" Cookie="ARRAffinity=8a1838995f790a3ddb0d6c9a1c240936b4c4b52e18bfa748290afc2caac3c809;Path=/;HttpOnly;Secure;Domain=kashiwabaragpt.scm.azurewebsites.net; ARRAffinitySameSite=8a1838995f790a3ddb0d6c9a1c240936b4c4b52e18bfa748290afc2caac3c809;Path=/;HttpOnly;SameSite=None;Secure;Domain=kashiwabaragpt.scm.azurewebsites.net" Content-Length="0" X-ARR-LOG-ID="8df8125a-c1da-4ce3-9ed6-5c229904f249" CLIENT-IP="172.183.106.65:16648" X-SITE-DEPLOYMENT-ID="kashiwabaragpt" WAS-DEFAULT-HOSTNAME="kashiwabaragpt.scm.azurewebsites.net" X-Forwarded-Proto="https" X-AppService-Proto="https" X-Forwarded-TlsVersion="1.3" X-WAWS-Unencoded-URL="/api/deployments/latest?deployer=GITHUB_ZIP_DEPLOY&amp;time=2024-12-04_03-29-36Z" X-Client-IP="172.183.106.65" X-Client-Port="16648" >
  <step title="Cleanup Xml Logs" date="2024-12-04T03:29:49.668" /><!-- duration: 21ms -->
  <step title="DeploymentService.GetResult" date="2024-12-04T03:29:49.706" >
    <step title="DeploymentService.GetLatestDeployment" date="2024-12-04T03:29:49.712" >
      <step title="DeploymentManager.GetResults" date="2024-12-04T03:29:49.717" /><!-- duration: 617ms -->
      <step title="Deployment ceb6fda8-62e6-4e73-a963-c536e20f82db is Building" date="2024-12-04T03:29:50.341" /><!-- duration: 12ms -->
    </step><!-- duration: 652ms -->
  </step><!-- duration: 663ms -->
  <step title="Outgoing response" date="2024-12-04T03:29:50.381" type="response" statusCode="202" statusText="Accepted" /><!-- duration: 20ms -->
</step><!-- duration: 751ms -->
