<step title="Incoming Request" date="2024-12-12T04:53:32.895" instance="8a1838" url="/api/deployments/latest?deployer=GITHUB_ZIP_DEPLOY&amp;time=2024-12-12_04-53-06Z" method="GET" type="request" pid="93,1,32" Host="kashiwabaragpt.scm.azurewebsites.net" User-Agent="GITHUBACTIONS_DeployWebAppToAzure_9e0cbb54f05b7aae9545d9238362714469bea7624dedc6520f1f890ef7d4588e" Authorization="Bea..." Content-Type="application/json; charset=utf-8" Cookie="ARRAffinity=8a1838995f790a3ddb0d6c9a1c240936b4c4b52e18bfa748290afc2caac3c809;Path=/;HttpOnly;Secure;Domain=kashiwabaragpt.scm.azurewebsites.net; ARRAffinitySameSite=8a1838995f790a3ddb0d6c9a1c240936b4c4b52e18bfa748290afc2caac3c809;Path=/;HttpOnly;SameSite=None;Secure;Domain=kashiwabaragpt.scm.azurewebsites.net" Content-Length="0" X-ARR-LOG-ID="012558bb-979f-4f48-b9c8-7e64319b2cfe" CLIENT-IP="20.102.210.222:9344" X-SITE-DEPLOYMENT-ID="kashiwabaragpt" WAS-DEFAULT-HOSTNAME="kashiwabaragpt.scm.azurewebsites.net" X-Forwarded-Proto="https" X-AppService-Proto="https" X-Forwarded-TlsVersion="1.3" X-WAWS-Unencoded-URL="/api/deployments/latest?deployer=GITHUB_ZIP_DEPLOY&amp;time=2024-12-12_04-53-06Z" X-Client-IP="20.102.210.222" X-Client-Port="9344" >
  <step title="Cleanup Xml Logs" date="2024-12-12T04:53:32.909" >
    <step title="Cleanup Infos" date="2024-12-12T04:53:32.937" totalFiles="404" totalCleanup="244" /><!-- duration: 4ms -->
  </step><!-- duration: 48ms -->
  <step title="DeploymentService.GetResult" date="2024-12-12T04:53:32.969" >
    <step title="DeploymentService.GetLatestDeployment" date="2024-12-12T04:53:32.975" >
      <step title="DeploymentManager.GetResults" date="2024-12-12T04:53:32.992" /><!-- duration: 646ms -->
      <step title="Deployment 24ce5c83-4e5f-4c3e-a5f8-c88a5786658f is Building" date="2024-12-12T04:53:33.645" /><!-- duration: 9ms -->
    </step><!-- duration: 690ms -->
  </step><!-- duration: 705ms -->
  <step title="Outgoing response" date="2024-12-12T04:53:33.680" type="response" statusCode="202" statusText="Accepted" /><!-- duration: 14ms -->
</step><!-- duration: 803ms -->
