<step title="Incoming Request" date="2024-06-21T02:22:52.992" instance="3c1047" url="/api/deployments/latest?deployer=GITHUB_ZIP_DEPLOY&amp;time=2024-06-21_02-22-28Z" method="GET" type="request" pid="92,1,25" Host="kashiwabaragpt.scm.azurewebsites.net" User-Agent="GITHUBACTIONS_DeployWebAppToAzure_9e0cbb54f05b7aae9545d9238362714469bea7624dedc6520f1f890ef7d4588e" Authorization="Bea..." Content-Type="application/json; charset=utf-8" Cookie="ARRAffinity=3c10472245338208afd4ddb06a0fc7a3e93be27145f1e0a442a8d96e9674f38a;Path=/;HttpOnly;Secure;Domain=kashiwabaragpt.scm.azurewebsites.net; ARRAffinitySameSite=3c10472245338208afd4ddb06a0fc7a3e93be27145f1e0a442a8d96e9674f38a;Path=/;HttpOnly;SameSite=None;Secure;Domain=kashiwabaragpt.scm.azurewebsites.net" Content-Length="0" X-ARR-LOG-ID="5adc4e90-914b-40ca-8405-cec0a3821f37" CLIENT-IP="20.109.39.26:11472" X-Client-IP="20.109.39.26" X-SITE-DEPLOYMENT-ID="kashiwabaragpt" WAS-DEFAULT-HOSTNAME="kashiwabaragpt.scm.azurewebsites.net" X-Forwarded-Proto="https" X-AppService-Proto="https" X-Forwarded-TlsVersion="1.3" X-WAWS-Unencoded-URL="/api/deployments/latest?deployer=GITHUB_ZIP_DEPLOY&amp;time=2024-06-21_02-22-28Z" X-Client-Port="11472" >
  <step title="Cleanup Xml Logs" date="2024-06-21T02:22:53.004" /><!-- duration: 12ms -->
  <step title="DeploymentService.GetResult" date="2024-06-21T02:22:53.024" >
    <step title="DeploymentService.GetLatestDeployment" date="2024-06-21T02:22:53.034" >
      <step title="DeploymentManager.GetResults" date="2024-06-21T02:22:53.038" /><!-- duration: 311ms -->
      <step title="Deployment 20043519-100b-4f29-838e-f388dc49d7ec is Building" date="2024-06-21T02:22:53.351" /><!-- duration: 9ms -->
    </step><!-- duration: 333ms -->
  </step><!-- duration: 348ms -->
  <step title="Outgoing response" date="2024-06-21T02:22:53.376" type="response" statusCode="202" statusText="Accepted" /><!-- duration: 4ms -->
</step><!-- duration: 393ms -->
