<step title="Incoming Request" date="2024-12-04T01:41:35.150" instance="8a1838" url="/api/zipdeploy?isAsync=true&amp;deployer=GITHUB_ZIP_DEPLOY&amp;message=%7B%22type%22%3A%22deployment%22%2C%22sha%22%3A%220f0aee43c8a8869750216ac0d946f59da8101edf%22%2C%22repoName%22%3A%22chatgptkwb%2Fprivategpt%22%2C%22actor%22%3A%22chatgptkwb%22%2C%22slotName%22%3A%22production%22%2C%22commitMessage%22%3A%22iFrame%E5%AF%BE%E5%BF%9C2%22%7D" method="POST" type="request" pid="93,1,5" Host="kashiwabaragpt.scm.azurewebsites.net" User-Agent="GITHUBACTIONS_DeployWebAppToAzure_9e0cbb54f05b7aae9545d9238362714469bea7624dedc6520f1f890ef7d4588e" Authorization="Bea..." Content-Type="application/octet-stream" Cookie="ARRAffinity=8a1838995f790a3ddb0d6c9a1c240936b4c4b52e18bfa748290afc2caac3c809;Path=/;HttpOnly;Secure;Domain=kashiwabaragpt.scm.azurewebsites.net; ARRAffinitySameSite=8a1838995f790a3ddb0d6c9a1c240936b4c4b52e18bfa748290afc2caac3c809;Path=/;HttpOnly;SameSite=None;Secure;Domain=kashiwabaragpt.scm.azurewebsites.net" Transfer-Encoding="chunked" X-ARR-LOG-ID="322a90f7-9014-42a9-9590-e53968cc0f51" CLIENT-IP="20.75.95.99:20480" X-SITE-DEPLOYMENT-ID="kashiwabaragpt" WAS-DEFAULT-HOSTNAME="kashiwabaragpt.scm.azurewebsites.net" X-Forwarded-Proto="https" X-AppService-Proto="https" X-Forwarded-TlsVersion="1.3" X-WAWS-Unencoded-URL="/api/zipdeploy?isAsync=true&amp;deployer=GITHUB_ZIP_DEPLOY&amp;message=%7B%22type%22%3A%22deployment%22%2C%22sha%22%3A%220f0aee43c8a8869750216ac0d946f59da8101edf%22%2C%22repoName%22%3A%22chatgptkwb%2Fprivategpt%22%2C%22actor%22%3A%22chatgptkwb%22%2C%22slotName%22%3A%22production%22%2C%22commitMessage%22%3A%22iFrame%E5%AF%BE%E5%BF%9C2%22%7D" X-Client-IP="20.75.95.99" X-Client-Port="20480" >
  <step title="ZipPushDeploy" date="2024-12-04T01:41:35.182" >
    <step title="ZipDeploy. Extract zip." date="2024-12-04T01:41:35.200" /><!-- duration: 4ms -->
    <step title="None repository commit" date="2024-12-04T01:41:35.212" >
      <step title="Commit id: 36b1a164-c9a4-403e-8217-3632a6e83c87" date="2024-12-04T01:41:35.216" Message="N/A" AuthorName="N/A" AuthorEmail="N/A" /><!-- duration: 4ms -->
    </step><!-- duration: 12ms -->
    <step title="Starting PushDeployAsync" date="2024-12-04T01:41:35.228" /><!-- duration: 4ms -->
    <step title="Writing artifact to /tmp/zipdeploy/8a11c54f-9a5d-4443-8564-ba260a113776.zip" date="2024-12-04T01:41:35.247" >
      <step title="Writing request body to artifacts at /tmp/zipdeploy/8a11c54f-9a5d-4443-8564-ba260a113776.zip" date="2024-12-04T01:41:35.252" /><!-- duration: 4ms -->
    </step><!-- duration: 1209ms -->
    <step title="Start deployment in the background" date="2024-12-04T01:41:36.474" >
      <step title="Acquiring Deployment Lock" date="2024-12-04T01:41:36.523" /><!-- duration: 4ms -->
      <step title="Acquired Deployment Lock" date="2024-12-04T01:41:36.621" /><!-- duration: 4ms -->
    </step><!-- duration: 240ms -->
  </step><!-- duration: 1538ms -->
  <step title="Outgoing response" date="2024-12-04T01:41:36.728" type="response" statusCode="202" statusText="Accepted" /><!-- duration: 4ms -->
</step><!-- duration: 1586ms -->
