<step title="Incoming Request" date="2024-12-12T04:21:57.274" instance="8a1838" url="/api/deployments/latest?deployer=GITHUB_ZIP_DEPLOY&amp;time=2024-12-12_04-21-50Z" method="GET" type="request" pid="92,1,29" Host="kashiwabaragpt.scm.azurewebsites.net" User-Agent="GITHUBACTIONS_DeployWebAppToAzure_9e0cbb54f05b7aae9545d9238362714469bea7624dedc6520f1f890ef7d4588e" Authorization="Bea..." Content-Type="application/json; charset=utf-8" Cookie="ARRAffinity=8a1838995f790a3ddb0d6c9a1c240936b4c4b52e18bfa748290afc2caac3c809;Path=/;HttpOnly;Secure;Domain=kashiwabaragpt.scm.azurewebsites.net; ARRAffinitySameSite=8a1838995f790a3ddb0d6c9a1c240936b4c4b52e18bfa748290afc2caac3c809;Path=/;HttpOnly;SameSite=None;Secure;Domain=kashiwabaragpt.scm.azurewebsites.net" Content-Length="0" X-ARR-LOG-ID="934d508a-c627-447b-94ad-e6122fd2a560" CLIENT-IP="52.234.40.19:34841" X-SITE-DEPLOYMENT-ID="kashiwabaragpt" WAS-DEFAULT-HOSTNAME="kashiwabaragpt.scm.azurewebsites.net" X-Forwarded-Proto="https" X-AppService-Proto="https" X-Forwarded-TlsVersion="1.3" X-WAWS-Unencoded-URL="/api/deployments/latest?deployer=GITHUB_ZIP_DEPLOY&amp;time=2024-12-12_04-21-50Z" X-Client-IP="52.234.40.19" X-Client-Port="34841" >
  <step title="Cleanup Xml Logs" date="2024-12-12T04:21:57.279" >
    <step title="Cleanup Infos" date="2024-12-12T04:21:57.299" totalFiles="359" totalCleanup="199" /><!-- duration: 4ms -->
  </step><!-- duration: 30ms -->
  <step title="DeploymentService.GetResult" date="2024-12-12T04:21:57.320" >
    <step title="DeploymentService.GetLatestDeployment" date="2024-12-12T04:21:57.325" >
      <step title="DeploymentManager.GetResults" date="2024-12-12T04:21:57.330" /><!-- duration: 464ms -->
      <step title="Deployment e1a9ea4a-050f-4e4e-a843-e4c1abd01970 is Pending" date="2024-12-12T04:21:57.799" /><!-- duration: 4ms -->
    </step><!-- duration: 481ms -->
  </step><!-- duration: 491ms -->
  <step title="Outgoing response" date="2024-12-12T04:21:57.816" type="response" statusCode="202" statusText="Accepted" /><!-- duration: 4ms -->
</step><!-- duration: 550ms -->
