<step title="Incoming Request" date="2024-12-12T04:42:30.040" instance="8a1838" url="/api/zipdeploy?isAsync=true&amp;deployer=GITHUB_ZIP_DEPLOY&amp;message=%7B%22type%22%3A%22deployment%22%2C%22sha%22%3A%226c5ee5df267e4f0593eb8f2937040e31362a7819%22%2C%22repoName%22%3A%22chatgptkwb%2Fprivategpt%22%2C%22actor%22%3A%22chatgptkwb%22%2C%22slotName%22%3A%22production%22%2C%22commitMessage%22%3A%22menu%20change%22%7D" method="POST" type="request" pid="92,1,24" Host="kashiwabaragpt.scm.azurewebsites.net" User-Agent="GITHUBACTIONS_DeployWebAppToAzure_9e0cbb54f05b7aae9545d9238362714469bea7624dedc6520f1f890ef7d4588e" Authorization="Bea..." Content-Type="application/octet-stream" Cookie="ARRAffinity=8a1838995f790a3ddb0d6c9a1c240936b4c4b52e18bfa748290afc2caac3c809;Path=/;HttpOnly;Secure;Domain=kashiwabaragpt.scm.azurewebsites.net; ARRAffinitySameSite=8a1838995f790a3ddb0d6c9a1c240936b4c4b52e18bfa748290afc2caac3c809;Path=/;HttpOnly;SameSite=None;Secure;Domain=kashiwabaragpt.scm.azurewebsites.net" Transfer-Encoding="chunked" X-ARR-LOG-ID="bec1589e-638d-4ed7-a36a-72e4723f0505" CLIENT-IP="4.227.115.96:48192" X-SITE-DEPLOYMENT-ID="kashiwabaragpt" WAS-DEFAULT-HOSTNAME="kashiwabaragpt.scm.azurewebsites.net" X-Forwarded-Proto="https" X-AppService-Proto="https" X-Forwarded-TlsVersion="1.3" X-WAWS-Unencoded-URL="/api/zipdeploy?isAsync=true&amp;deployer=GITHUB_ZIP_DEPLOY&amp;message=%7B%22type%22%3A%22deployment%22%2C%22sha%22%3A%226c5ee5df267e4f0593eb8f2937040e31362a7819%22%2C%22repoName%22%3A%22chatgptkwb%2Fprivategpt%22%2C%22actor%22%3A%22chatgptkwb%22%2C%22slotName%22%3A%22production%22%2C%22commitMessage%22%3A%22menu%20change%22%7D" X-Client-IP="4.227.115.96" X-Client-Port="48192" >
  <step title="ZipPushDeploy" date="2024-12-12T04:42:30.073" >
    <step title="ZipDeploy. Extract zip." date="2024-12-12T04:42:30.087" /><!-- duration: 4ms -->
    <step title="None repository commit" date="2024-12-12T04:42:30.100" >
      <step title="Commit id: be45f8dd-9464-4fef-844c-929258932cab" date="2024-12-12T04:42:30.105" Message="N/A" AuthorName="N/A" AuthorEmail="N/A" /><!-- duration: 4ms -->
    </step><!-- duration: 13ms -->
    <step title="Starting PushDeployAsync" date="2024-12-12T04:42:30.118" /><!-- duration: 4ms -->
    <step title="Writing artifact to /tmp/zipdeploy/1d2951df-c938-41cb-956a-ee2d83af64b5.zip" date="2024-12-12T04:42:30.146" >
      <step title="Writing request body to artifacts at /tmp/zipdeploy/1d2951df-c938-41cb-956a-ee2d83af64b5.zip" date="2024-12-12T04:42:30.151" /><!-- duration: 4ms -->
    </step><!-- duration: 870ms -->
    <step title="Start deployment in the background" date="2024-12-12T04:42:31.033" >
      <step title="Acquiring Deployment Lock" date="2024-12-12T04:42:31.047" /><!-- duration: 5ms -->
      <step title="Acquired Deployment Lock" date="2024-12-12T04:42:31.085" /><!-- duration: 4ms -->
    </step><!-- duration: 152ms -->
  </step><!-- duration: 1118ms -->
  <step title="Outgoing response" date="2024-12-12T04:42:31.199" type="response" statusCode="202" statusText="Accepted" /><!-- duration: 4ms -->
</step><!-- duration: 1167ms -->
