<step title="Incoming Request" date="2024-12-12T04:28:58.307" instance="8a1838" url="/api/deployments/latest?deployer=GITHUB_ZIP_DEPLOY&amp;time=2024-12-12_04-28-38Z" method="GET" type="request" pid="93,1,22" Host="kashiwabaragpt.scm.azurewebsites.net" User-Agent="GITHUBACTIONS_DeployWebAppToAzure_9e0cbb54f05b7aae9545d9238362714469bea7624dedc6520f1f890ef7d4588e" Authorization="Bea..." Content-Type="application/json; charset=utf-8" Cookie="ARRAffinity=8a1838995f790a3ddb0d6c9a1c240936b4c4b52e18bfa748290afc2caac3c809;Path=/;HttpOnly;Secure;Domain=kashiwabaragpt.scm.azurewebsites.net; ARRAffinitySameSite=8a1838995f790a3ddb0d6c9a1c240936b4c4b52e18bfa748290afc2caac3c809;Path=/;HttpOnly;SameSite=None;Secure;Domain=kashiwabaragpt.scm.azurewebsites.net" Content-Length="0" X-ARR-LOG-ID="4fc33aaa-bfe8-4614-b1d7-67de7f9cf790" CLIENT-IP="4.227.115.15:10369" X-SITE-DEPLOYMENT-ID="kashiwabaragpt" WAS-DEFAULT-HOSTNAME="kashiwabaragpt.scm.azurewebsites.net" X-Forwarded-Proto="https" X-AppService-Proto="https" X-Forwarded-TlsVersion="1.3" X-WAWS-Unencoded-URL="/api/deployments/latest?deployer=GITHUB_ZIP_DEPLOY&amp;time=2024-12-12_04-28-38Z" X-Client-IP="4.227.115.15" X-Client-Port="10369" >
  <step title="Cleanup Xml Logs" date="2024-12-12T04:28:58.325" >
    <step title="Cleanup Infos" date="2024-12-12T04:28:58.349" totalFiles="375" totalCleanup="215" /><!-- duration: 12ms -->
  </step><!-- duration: 46ms -->
  <step title="DeploymentService.GetResult" date="2024-12-12T04:28:58.380" >
    <step title="DeploymentService.GetLatestDeployment" date="2024-12-12T04:28:58.387" >
      <step title="DeploymentManager.GetResults" date="2024-12-12T04:28:58.395" /><!-- duration: 676ms -->
      <step title="Deployment 59b63ee4-4f21-4df6-a59c-cdf54e24b4de is Building" date="2024-12-12T04:28:59.085" /><!-- duration: 20ms -->
    </step><!-- duration: 723ms -->
  </step><!-- duration: 749ms -->
  <step title="Outgoing response" date="2024-12-12T04:28:59.137" type="response" statusCode="202" statusText="Accepted" /><!-- duration: 6ms -->
</step><!-- duration: 842ms -->
