<step title="Incoming Request" date="2024-12-04T03:29:35.246" instance="8a1838" url="/api/zipdeploy?isAsync=true&amp;deployer=GITHUB_ZIP_DEPLOY&amp;message=%7B%22type%22%3A%22deployment%22%2C%22sha%22%3A%22949bb57f97009ad4b4f75b37ab18d7f5b67094fe%22%2C%22repoName%22%3A%22chatgptkwb%2Fprivategpt%22%2C%22actor%22%3A%22chatgptkwb%22%2C%22slotName%22%3A%22production%22%2C%22commitMessage%22%3A%22iframe3%22%7D" method="POST" type="request" pid="93,1,17" Host="kashiwabaragpt.scm.azurewebsites.net" User-Agent="GITHUBACTIONS_DeployWebAppToAzure_9e0cbb54f05b7aae9545d9238362714469bea7624dedc6520f1f890ef7d4588e" Authorization="Bea..." Content-Type="application/octet-stream" Cookie="ARRAffinity=8a1838995f790a3ddb0d6c9a1c240936b4c4b52e18bfa748290afc2caac3c809;Path=/;HttpOnly;Secure;Domain=kashiwabaragpt.scm.azurewebsites.net; ARRAffinitySameSite=8a1838995f790a3ddb0d6c9a1c240936b4c4b52e18bfa748290afc2caac3c809;Path=/;HttpOnly;SameSite=None;Secure;Domain=kashiwabaragpt.scm.azurewebsites.net" Transfer-Encoding="chunked" X-ARR-LOG-ID="1bdd8feb-d818-41f1-a083-e64a06cf05e1" CLIENT-IP="172.183.106.65:16648" X-SITE-DEPLOYMENT-ID="kashiwabaragpt" WAS-DEFAULT-HOSTNAME="kashiwabaragpt.scm.azurewebsites.net" X-Forwarded-Proto="https" X-AppService-Proto="https" X-Forwarded-TlsVersion="1.3" X-WAWS-Unencoded-URL="/api/zipdeploy?isAsync=true&amp;deployer=GITHUB_ZIP_DEPLOY&amp;message=%7B%22type%22%3A%22deployment%22%2C%22sha%22%3A%22949bb57f97009ad4b4f75b37ab18d7f5b67094fe%22%2C%22repoName%22%3A%22chatgptkwb%2Fprivategpt%22%2C%22actor%22%3A%22chatgptkwb%22%2C%22slotName%22%3A%22production%22%2C%22commitMessage%22%3A%22iframe3%22%7D" X-Client-IP="172.183.106.65" X-Client-Port="16648" >
  <step title="ZipPushDeploy" date="2024-12-04T03:29:35.291" >
    <step title="ZipDeploy. Extract zip." date="2024-12-04T03:29:35.302" /><!-- duration: 4ms -->
    <step title="None repository commit" date="2024-12-04T03:29:35.316" >
      <step title="Commit id: ceb6fda8-62e6-4e73-a963-c536e20f82db" date="2024-12-04T03:29:35.320" Message="N/A" AuthorName="N/A" AuthorEmail="N/A" /><!-- duration: 4ms -->
    </step><!-- duration: 12ms -->
    <step title="Starting PushDeployAsync" date="2024-12-04T03:29:35.332" /><!-- duration: 4ms -->
    <step title="Writing artifact to /tmp/zipdeploy/e789a54f-3064-4106-b8f3-f3d05b2e93ec.zip" date="2024-12-04T03:29:35.352" >
      <step title="Writing request body to artifacts at /tmp/zipdeploy/e789a54f-3064-4106-b8f3-f3d05b2e93ec.zip" date="2024-12-04T03:29:35.357" /><!-- duration: 4ms -->
    </step><!-- duration: 1056ms -->
    <step title="Start deployment in the background" date="2024-12-04T03:29:36.429" >
      <step title="Acquiring Deployment Lock" date="2024-12-04T03:29:36.448" /><!-- duration: 11ms -->
      <step title="Acquired Deployment Lock" date="2024-12-04T03:29:36.489" /><!-- duration: 4ms -->
    </step><!-- duration: 162ms -->
  </step><!-- duration: 1306ms -->
  <step title="Outgoing response" date="2024-12-04T03:29:36.604" type="response" statusCode="202" statusText="Accepted" /><!-- duration: 4ms -->
</step><!-- duration: 1366ms -->
