<step title="Incoming Request" date="2024-12-12T03:49:43.421" instance="8a1838" url="/api/deployments/latest?deployer=GITHUB_ZIP_DEPLOY&amp;time=2024-12-12_03-40-49Z" method="GET" type="request" pid="87,1,22" Host="kashiwabaragpt.scm.azurewebsites.net" User-Agent="GITHUBACTIONS_DeployWebAppToAzure_9e0cbb54f05b7aae9545d9238362714469bea7624dedc6520f1f890ef7d4588e" Authorization="Bea..." Content-Type="application/json; charset=utf-8" Cookie="ARRAffinity=8a1838995f790a3ddb0d6c9a1c240936b4c4b52e18bfa748290afc2caac3c809;Path=/;HttpOnly;Secure;Domain=kashiwabaragpt.scm.azurewebsites.net; ARRAffinitySameSite=8a1838995f790a3ddb0d6c9a1c240936b4c4b52e18bfa748290afc2caac3c809;Path=/;HttpOnly;SameSite=None;Secure;Domain=kashiwabaragpt.scm.azurewebsites.net" Content-Length="0" X-ARR-LOG-ID="98268aac-fac2-44e3-b4bc-f613dd311126" CLIENT-IP="20.55.14.238:46208" X-SITE-DEPLOYMENT-ID="kashiwabaragpt" WAS-DEFAULT-HOSTNAME="kashiwabaragpt.scm.azurewebsites.net" X-Forwarded-Proto="https" X-AppService-Proto="https" X-Forwarded-TlsVersion="1.3" X-WAWS-Unencoded-URL="/api/deployments/latest?deployer=GITHUB_ZIP_DEPLOY&amp;time=2024-12-12_03-40-49Z" X-Client-IP="20.55.14.238" X-Client-Port="46208" >
  <step title="Cleanup Xml Logs" date="2024-12-12T03:49:43.425" >
    <step title="Cleanup Infos" date="2024-12-12T03:49:43.447" totalFiles="259" totalCleanup="99" /><!-- duration: 10ms -->
  </step><!-- duration: 36ms -->
  <step title="DeploymentService.GetResult" date="2024-12-12T03:49:43.470" >
    <step title="DeploymentService.GetLatestDeployment" date="2024-12-12T03:49:43.474" >
      <step title="DeploymentManager.GetResults" date="2024-12-12T03:49:43.479" /><!-- duration: 396ms -->
      <step title="Deployment c13d0be6-9435-4dd9-a2d9-bf4c02beba99 is Building" date="2024-12-12T03:49:43.878" /><!-- duration: 4ms -->
    </step><!-- duration: 412ms -->
  </step><!-- duration: 420ms -->
  <step title="Outgoing response" date="2024-12-12T03:49:43.895" type="response" statusCode="202" statusText="Accepted" /><!-- duration: 15ms -->
</step><!-- duration: 493ms -->
