<step title="Incoming Request" date="2024-12-12T05:36:25.089" instance="8a1838" url="/api/deployments/latest?deployer=GITHUB_ZIP_DEPLOY&amp;time=2024-12-12_05-36-18Z" method="GET" type="request" pid="93,1,40" Host="kashiwabaragpt.scm.azurewebsites.net" User-Agent="GITHUBACTIONS_DeployWebAppToAzure_9e0cbb54f05b7aae9545d9238362714469bea7624dedc6520f1f890ef7d4588e" Authorization="Bea..." Content-Type="application/json; charset=utf-8" Cookie="ARRAffinity=8a1838995f790a3ddb0d6c9a1c240936b4c4b52e18bfa748290afc2caac3c809;Path=/;HttpOnly;Secure;Domain=kashiwabaragpt.scm.azurewebsites.net; ARRAffinitySameSite=8a1838995f790a3ddb0d6c9a1c240936b4c4b52e18bfa748290afc2caac3c809;Path=/;HttpOnly;SameSite=None;Secure;Domain=kashiwabaragpt.scm.azurewebsites.net" Content-Length="0" X-ARR-LOG-ID="c04c106e-8e95-4244-8539-be7c2b71baf5" CLIENT-IP="20.75.95.251:36609" X-SITE-DEPLOYMENT-ID="kashiwabaragpt" WAS-DEFAULT-HOSTNAME="kashiwabaragpt.scm.azurewebsites.net" X-Forwarded-Proto="https" X-AppService-Proto="https" X-Forwarded-TlsVersion="1.3" X-WAWS-Unencoded-URL="/api/deployments/latest?deployer=GITHUB_ZIP_DEPLOY&amp;time=2024-12-12_05-36-18Z" X-Client-IP="20.75.95.251" X-Client-Port="36609" >
  <step title="Cleanup Xml Logs" date="2024-12-12T05:36:25.096" >
    <step title="Cleanup Infos" date="2024-12-12T05:36:25.115" totalFiles="442" totalCleanup="282" /><!-- duration: 5ms -->
  </step><!-- duration: 28ms -->
  <step title="DeploymentService.GetResult" date="2024-12-12T05:36:25.135" >
    <step title="DeploymentService.GetLatestDeployment" date="2024-12-12T05:36:25.139" >
      <step title="DeploymentManager.GetResults" date="2024-12-12T05:36:25.144" /><!-- duration: 412ms -->
      <step title="Deployment 343a89e4-d69f-4b92-93a4-28e5d341fc3c is Pending" date="2024-12-12T05:36:25.560" /><!-- duration: 4ms -->
    </step><!-- duration: 429ms -->
  </step><!-- duration: 439ms -->
  <step title="Outgoing response" date="2024-12-12T05:36:25.582" type="response" statusCode="202" statusText="Accepted" /><!-- duration: 4ms -->
</step><!-- duration: 501ms -->
