<step title="Incoming Request" date="2024-12-12T04:12:23.777" instance="8a1838" url="/api/deployments/latest?deployer=GITHUB_ZIP_DEPLOY&amp;time=2024-12-12_04-12-09Z" method="GET" type="request" pid="93,1,36" Host="kashiwabaragpt.scm.azurewebsites.net" User-Agent="GITHUBACTIONS_DeployWebAppToAzure_9e0cbb54f05b7aae9545d9238362714469bea7624dedc6520f1f890ef7d4588e" Authorization="Bea..." Content-Type="application/json; charset=utf-8" Cookie="ARRAffinity=8a1838995f790a3ddb0d6c9a1c240936b4c4b52e18bfa748290afc2caac3c809;Path=/;HttpOnly;Secure;Domain=kashiwabaragpt.scm.azurewebsites.net; ARRAffinitySameSite=8a1838995f790a3ddb0d6c9a1c240936b4c4b52e18bfa748290afc2caac3c809;Path=/;HttpOnly;SameSite=None;Secure;Domain=kashiwabaragpt.scm.azurewebsites.net" Content-Length="0" X-ARR-LOG-ID="343dce5a-3aa4-4178-86fa-b9e2480e1c6a" CLIENT-IP="4.227.175.96:1216" X-SITE-DEPLOYMENT-ID="kashiwabaragpt" WAS-DEFAULT-HOSTNAME="kashiwabaragpt.scm.azurewebsites.net" X-Forwarded-Proto="https" X-AppService-Proto="https" X-Forwarded-TlsVersion="1.3" X-WAWS-Unencoded-URL="/api/deployments/latest?deployer=GITHUB_ZIP_DEPLOY&amp;time=2024-12-12_04-12-09Z" X-Client-IP="4.227.175.96" X-Client-Port="1216" >
  <step title="Cleanup Xml Logs" date="2024-12-12T04:12:23.812" >
    <step title="Cleanup Infos" date="2024-12-12T04:12:23.864" totalFiles="346" totalCleanup="186" /><!-- duration: 7ms -->
  </step><!-- duration: 65ms -->
  <step title="DeploymentService.GetResult" date="2024-12-12T04:12:23.899" >
    <step title="DeploymentService.GetLatestDeployment" date="2024-12-12T04:12:23.913" >
      <step title="DeploymentManager.GetResults" date="2024-12-12T04:12:23.919" /><!-- duration: 802ms -->
      <step title="Deployment 61565025-af1b-4056-a3e0-092f4193fbd9 is Building" date="2024-12-12T04:12:24.727" /><!-- duration: 8ms -->
    </step><!-- duration: 846ms -->
  </step><!-- duration: 869ms -->
  <step title="Outgoing response" date="2024-12-12T04:12:24.777" type="response" statusCode="202" statusText="Accepted" /><!-- duration: 16ms -->
</step><!-- duration: 1024ms -->
