<step title="Incoming Request" date="2024-12-12T03:40:47.976" instance="8a1838" url="/api/zipdeploy?isAsync=true&amp;deployer=GITHUB_ZIP_DEPLOY&amp;message=%7B%22type%22%3A%22deployment%22%2C%22sha%22%3A%22571ee4f1567541ec978d5abad381869c8fb7ed42%22%2C%22repoName%22%3A%22chatgptkwb%2Fprivategpt%22%2C%22actor%22%3A%22chatgptkwb%22%2C%22slotName%22%3A%22production%22%2C%22commitMessage%22%3A%22iframe%E5%AF%BE%E5%BF%9C%22%7D" method="POST" type="request" pid="93,1,73" Host="kashiwabaragpt.scm.azurewebsites.net" User-Agent="GITHUBACTIONS_DeployWebAppToAzure_9e0cbb54f05b7aae9545d9238362714469bea7624dedc6520f1f890ef7d4588e" Authorization="Bea..." Content-Type="application/octet-stream" Cookie="ARRAffinity=8a1838995f790a3ddb0d6c9a1c240936b4c4b52e18bfa748290afc2caac3c809;Path=/;HttpOnly;Secure;Domain=kashiwabaragpt.scm.azurewebsites.net; ARRAffinitySameSite=8a1838995f790a3ddb0d6c9a1c240936b4c4b52e18bfa748290afc2caac3c809;Path=/;HttpOnly;SameSite=None;Secure;Domain=kashiwabaragpt.scm.azurewebsites.net" Transfer-Encoding="chunked" X-ARR-LOG-ID="1d6b22f9-f24b-485e-95ec-3a58f1ae4a1d" CLIENT-IP="20.55.14.238:46208" X-SITE-DEPLOYMENT-ID="kashiwabaragpt" WAS-DEFAULT-HOSTNAME="kashiwabaragpt.scm.azurewebsites.net" X-Forwarded-Proto="https" X-AppService-Proto="https" X-Forwarded-TlsVersion="1.3" X-WAWS-Unencoded-URL="/api/zipdeploy?isAsync=true&amp;deployer=GITHUB_ZIP_DEPLOY&amp;message=%7B%22type%22%3A%22deployment%22%2C%22sha%22%3A%22571ee4f1567541ec978d5abad381869c8fb7ed42%22%2C%22repoName%22%3A%22chatgptkwb%2Fprivategpt%22%2C%22actor%22%3A%22chatgptkwb%22%2C%22slotName%22%3A%22production%22%2C%22commitMessage%22%3A%22iframe%E5%AF%BE%E5%BF%9C%22%7D" X-Client-IP="20.55.14.238" X-Client-Port="46208" >
  <step title="ZipPushDeploy" date="2024-12-12T03:40:48.049" >
    <step title="ZipDeploy. Extract zip." date="2024-12-12T03:40:48.084" /><!-- duration: 5ms -->
    <step title="Starting PushDeployAsync" date="2024-12-12T03:40:48.107" /><!-- duration: 4ms -->
    <step title="Writing artifact to /tmp/zipdeploy/24396b92-32a6-4ee6-a4cb-c15d37cfb0a8.zip" date="2024-12-12T03:40:48.175" >
      <step title="Writing request body to artifacts at /tmp/zipdeploy/24396b92-32a6-4ee6-a4cb-c15d37cfb0a8.zip" date="2024-12-12T03:40:48.182" /><!-- duration: 18ms -->
    </step><!-- duration: 1007ms -->
    <step title="Start deployment in the background" date="2024-12-12T03:40:49.200" >
      <step title="Acquiring Deployment Lock" date="2024-12-12T03:40:49.215" /><!-- duration: 4ms -->
      <step title="Acquired Deployment Lock" date="2024-12-12T03:40:49.273" /><!-- duration: 4ms -->
    </step><!-- duration: 180ms -->
  </step><!-- duration: 1397ms -->
  <step title="Outgoing response" date="2024-12-12T03:40:49.450" type="response" statusCode="202" statusText="Accepted" /><!-- duration: 4ms -->
</step><!-- duration: 1483ms -->
