<step title="Incoming Request" date="2025-01-05T22:06:41.555" instance="8a1838" url="/api/deployments/latest?deployer=GITHUB_ZIP_DEPLOY&amp;time=2025-01-05_22-06-26Z" method="GET" type="request" pid="87,1,83" Host="kashiwabaragpt.scm.azurewebsites.net" User-Agent="GITHUBACTIONS_DeployWebAppToAzure_9e0cbb54f05b7aae9545d9238362714469bea7624dedc6520f1f890ef7d4588e" Authorization="Bea..." Content-Type="application/json; charset=utf-8" Cookie="ARRAffinity=8a1838995f790a3ddb0d6c9a1c240936b4c4b52e18bfa748290afc2caac3c809;Path=/;HttpOnly;Secure;Domain=kashiwabaragpt.scm.azurewebsites.net; ARRAffinitySameSite=8a1838995f790a3ddb0d6c9a1c240936b4c4b52e18bfa748290afc2caac3c809;Path=/;HttpOnly;SameSite=None;Secure;Domain=kashiwabaragpt.scm.azurewebsites.net" Content-Length="0" X-ARR-LOG-ID="22dd1c1b-8672-4800-ace1-8ac3d1888078" CLIENT-IP="40.76.106.60:21696" X-SITE-DEPLOYMENT-ID="kashiwabaragpt" WAS-DEFAULT-HOSTNAME="kashiwabaragpt.scm.azurewebsites.net" X-Forwarded-Proto="https" X-AppService-Proto="https" X-Forwarded-TlsVersion="1.3" X-WAWS-Unencoded-URL="/api/deployments/latest?deployer=GITHUB_ZIP_DEPLOY&amp;time=2025-01-05_22-06-26Z" X-Client-IP="40.76.106.60" X-Client-Port="21696" >
  <step title="Cleanup Xml Logs" date="2025-01-05T22:06:41.582" >
    <step title="Cleanup Infos" date="2025-01-05T22:06:41.612" totalFiles="484" totalCleanup="324" /><!-- duration: 18ms -->
  </step><!-- duration: 55ms -->
  <step title="DeploymentService.GetResult" date="2025-01-05T22:06:41.653" >
    <step title="DeploymentService.GetLatestDeployment" date="2025-01-05T22:06:41.660" >
      <step title="DeploymentManager.GetResults" date="2025-01-05T22:06:41.665" /><!-- duration: 703ms -->
      <step title="Deployment 4ea3f660-2578-4f14-be9b-523fd7b18d5c is Building" date="2025-01-05T22:06:42.376" /><!-- duration: 8ms -->
    </step><!-- duration: 729ms -->
  </step><!-- duration: 744ms -->
  <step title="Outgoing response" date="2025-01-05T22:06:42.412" type="response" statusCode="202" statusText="Accepted" /><!-- duration: 10ms -->
</step><!-- duration: 871ms -->
