<step title="Incoming Request" date="2025-01-05T22:06:54.848" instance="8a1838" url="/api/deployments/latest?deployer=GITHUB_ZIP_DEPLOY&amp;time=2025-01-05_22-06-26Z" method="GET" type="request" pid="87,1,102" Host="kashiwabaragpt.scm.azurewebsites.net" User-Agent="GITHUBACTIONS_DeployWebAppToAzure_9e0cbb54f05b7aae9545d9238362714469bea7624dedc6520f1f890ef7d4588e" Authorization="Bea..." Content-Type="application/json; charset=utf-8" Cookie="ARRAffinity=8a1838995f790a3ddb0d6c9a1c240936b4c4b52e18bfa748290afc2caac3c809;Path=/;HttpOnly;Secure;Domain=kashiwabaragpt.scm.azurewebsites.net; ARRAffinitySameSite=8a1838995f790a3ddb0d6c9a1c240936b4c4b52e18bfa748290afc2caac3c809;Path=/;HttpOnly;SameSite=None;Secure;Domain=kashiwabaragpt.scm.azurewebsites.net" Content-Length="0" X-ARR-LOG-ID="f46aca27-a721-4aeb-acbb-6f8cd61fd863" CLIENT-IP="40.76.106.60:21696" X-SITE-DEPLOYMENT-ID="kashiwabaragpt" WAS-DEFAULT-HOSTNAME="kashiwabaragpt.scm.azurewebsites.net" X-Forwarded-Proto="https" X-AppService-Proto="https" X-Forwarded-TlsVersion="1.3" X-WAWS-Unencoded-URL="/api/deployments/latest?deployer=GITHUB_ZIP_DEPLOY&amp;time=2025-01-05_22-06-26Z" X-Client-IP="40.76.106.60" X-Client-Port="21696" >
  <step title="Cleanup Xml Logs" date="2025-01-05T22:06:54.856" >
    <step title="Cleanup Infos" date="2025-01-05T22:06:54.903" totalFiles="486" totalCleanup="326" /><!-- duration: 8ms -->
  </step><!-- duration: 78ms -->
  <step title="DeploymentService.GetResult" date="2025-01-05T22:06:54.960" >
    <step title="DeploymentService.GetLatestDeployment" date="2025-01-05T22:06:54.964" >
      <step title="DeploymentManager.GetResults" date="2025-01-05T22:06:54.968" /><!-- duration: 763ms -->
      <step title="Deployment 4ea3f660-2578-4f14-be9b-523fd7b18d5c is Building" date="2025-01-05T22:06:55.745" /><!-- duration: 5ms -->
    </step><!-- duration: 791ms -->
  </step><!-- duration: 800ms -->
  <step title="Outgoing response" date="2025-01-05T22:06:55.767" type="response" statusCode="202" statusText="Accepted" /><!-- duration: 9ms -->
</step><!-- duration: 950ms -->
