<step title="Incoming Request" date="2025-01-05T22:07:01.469" instance="8a1838" url="/api/deployments/latest?deployer=GITHUB_ZIP_DEPLOY&amp;time=2025-01-05_22-06-26Z" method="GET" type="request" pid="87,1,30" Host="kashiwabaragpt.scm.azurewebsites.net" User-Agent="GITHUBACTIONS_DeployWebAppToAzure_9e0cbb54f05b7aae9545d9238362714469bea7624dedc6520f1f890ef7d4588e" Authorization="Bea..." Content-Type="application/json; charset=utf-8" Cookie="ARRAffinity=8a1838995f790a3ddb0d6c9a1c240936b4c4b52e18bfa748290afc2caac3c809;Path=/;HttpOnly;Secure;Domain=kashiwabaragpt.scm.azurewebsites.net; ARRAffinitySameSite=8a1838995f790a3ddb0d6c9a1c240936b4c4b52e18bfa748290afc2caac3c809;Path=/;HttpOnly;SameSite=None;Secure;Domain=kashiwabaragpt.scm.azurewebsites.net" Content-Length="0" X-ARR-LOG-ID="af2feabb-5376-47f2-a11d-17eb46a5d5f3" CLIENT-IP="40.76.106.60:21697" X-SITE-DEPLOYMENT-ID="kashiwabaragpt" WAS-DEFAULT-HOSTNAME="kashiwabaragpt.scm.azurewebsites.net" X-Forwarded-Proto="https" X-AppService-Proto="https" X-Forwarded-TlsVersion="1.3" X-WAWS-Unencoded-URL="/api/deployments/latest?deployer=GITHUB_ZIP_DEPLOY&amp;time=2025-01-05_22-06-26Z" X-Client-IP="40.76.106.60" X-Client-Port="21697" >
  <step title="Cleanup Xml Logs" date="2025-01-05T22:07:01.484" >
    <step title="Cleanup Infos" date="2025-01-05T22:07:01.520" totalFiles="487" totalCleanup="327" /><!-- duration: 4ms -->
  </step><!-- duration: 46ms -->
  <step title="DeploymentService.GetResult" date="2025-01-05T22:07:01.542" >
    <step title="DeploymentService.GetLatestDeployment" date="2025-01-05T22:07:01.549" >
      <step title="DeploymentManager.GetResults" date="2025-01-05T22:07:01.554" /><!-- duration: 786ms -->
      <step title="Deployment 4ea3f660-2578-4f14-be9b-523fd7b18d5c is Building" date="2025-01-05T22:07:02.345" /><!-- duration: 5ms -->
    </step><!-- duration: 806ms -->
  </step><!-- duration: 841ms -->
  <step title="Outgoing response" date="2025-01-05T22:07:02.413" type="response" statusCode="202" statusText="Accepted" /><!-- duration: 4ms -->
</step><!-- duration: 953ms -->
