﻿<?xml version="1.0" encoding="utf-8"?>
<deployment>
  <id>608bbf34-32d7-4823-9b88-cb6e182c6183</id>
  <author>N/A</author>
  <deployer>OneDeploy</deployer>
  <authorEmail>N/A</authorEmail>
  <message>OneDeploy</message>
  <progress></progress>
  <status>Success</status>
  <statusText></statusText>
  <lastSuccessEndTime>2025-09-17T13:10:22.3672896Z</lastSuccessEndTime>
  <receivedTime>2025-09-17T13:10:11.4642077Z</receivedTime>
  <startTime>2025-09-17T13:10:12.7659313Z</startTime>
  <endTime>2025-09-17T13:10:22.3672896Z</endTime>
  <complete>True</complete>
  <is_temp>False</is_temp>
  <is_readonly>True</is_readonly>
  <buildSummary />
</deployment>