﻿<?xml version="1.0" encoding="utf-8"?>
<deployment>
  <id>5798b2c8-8736-407e-82f0-2cb88066988e</id>
  <author>N/A</author>
  <deployer>GITHUB_ZIP_DEPLOY</deployer>
  <authorEmail>N/A</authorEmail>
  <message>{"type":"deployment","sha":"502ece94983ae36fcbdb65ab620a49da51f35252","repoName":"chatgptkwb/privategpt","actor":"chatgptkwb","slotName":"production","commitMessage":"パネル変更3"}</message>
  <progress></progress>
  <status>Success</status>
  <statusText></statusText>
  <lastSuccessEndTime>2025-04-01T23:18:30.6392215Z</lastSuccessEndTime>
  <receivedTime>2025-04-01T23:17:26.7814291Z</receivedTime>
  <startTime>2025-04-01T23:17:28.0520977Z</startTime>
  <endTime>2025-04-01T23:18:30.6392215Z</endTime>
  <complete>True</complete>
  <is_temp>False</is_temp>
  <is_readonly>True</is_readonly>
  <buildSummary />
</deployment>