﻿<?xml version="1.0" encoding="utf-8"?>
<deployment>
  <id>54c84d1b-24d9-4076-94a0-fdf4592988c7</id>
  <author>N/A</author>
  <deployer>OneDeploy</deployer>
  <authorEmail>N/A</authorEmail>
  <message>OneDeploy</message>
  <progress></progress>
  <status>Success</status>
  <statusText></statusText>
  <lastSuccessEndTime>2025-09-17T13:19:47.8096537Z</lastSuccessEndTime>
  <receivedTime>2025-09-17T13:19:36.3845534Z</receivedTime>
  <startTime>2025-09-17T13:19:37.7097982Z</startTime>
  <endTime>2025-09-17T13:19:47.8096537Z</endTime>
  <complete>True</complete>
  <is_temp>False</is_temp>
  <is_readonly>True</is_readonly>
  <buildSummary />
</deployment>