<step title="Incoming Request" date="2025-09-10T09:55:58.499" instance="730189" url="/api/publish?async=true&amp;deployer=GITHUB_ONE_DEPLOY&amp;type=zip&amp;message=%7B%22type%22%3A%22deployment%22%2C%22sha%22%3A%220469e2da7018a35579f80e20a3ce43d6f4db6366%22%2C%22repoName%22%3A%22emoconne%2Fdebug%22%2C%22actor%22%3A%22emoconne%22%2C%22slotName%22%3A%22production%22%2C%22commitMessage%22%3A%22Fix%20Azure%20AI%20Foundry%20authentication%20to%20use%20Entra%20ID%20(DefaultAzureCredential)%5Cn%5Cn-%20Remove%20API%20Key%20authentication%20and%20use%20DefaultAzureCredential%20only%5Cn-%20Fix%20variable%20declaration%20issue%20(const%20project)%5Cn-%20Azure%20AI%20Foundry%20Web%20search%20now%20works%20correctly%20with%20Entra%20authentication%5Cn-%20Tested%20successfully%20with%20both%20debug%20API%20and%20actual%20web%20search%5Cn-%20Resolves%20401%20authentication%20errors%22%7D" method="POST" type="request" pid="822,1,87" Host="fujibogpt1.scm.azurewebsites.net" User-Agent="GITHUBACTIONS_DeployWebAppToAzure_1937e6133b307348091f23813579e0adfb6dd82158d54b50e4d3ddc3dd957289" Authorization="Bea..." Content-Type="application/octet-stream" Cookie="ARRAffinity=730189150626e653708fea45869173b4ebb92511c6502db94b4f8004b34a54cc;Path=/;HttpOnly;Secure;Domain=fujibogpt1.scm.azurewebsites.net; ARRAffinitySameSite=730189150626e653708fea45869173b4ebb92511c6502db94b4f8004b34a54cc;Path=/;HttpOnly;SameSite=None;Secure;Domain=fujibogpt1.scm.azurewebsites.net" Transfer-Encoding="chunked" X-ARR-LOG-ID="e7db2045-b912-453c-93fc-df3a7c07fa3e" CLIENT-IP="20.55.87.52:43072" X-SITE-DEPLOYMENT-ID="fujibogpt1" WAS-DEFAULT-HOSTNAME="fujibogpt1.scm.azurewebsites.net" X-Forwarded-Proto="https" X-AppService-Proto="https" X-Forwarded-TlsVersion="1.3" X-WAWS-Unencoded-URL="/api/publish?async=true&amp;deployer=GITHUB_ONE_DEPLOY&amp;type=zip&amp;message=%7B%22type%22%3A%22deployment%22%2C%22sha%22%3A%220469e2da7018a35579f80e20a3ce43d6f4db6366%22%2C%22repoName%22%3A%22emoconne%2Fdebug%22%2C%22actor%22%3A%22emoconne%22%2C%22slotName%22%3A%22production%22%2C%22commitMessage%22%3A%22Fix%20Azure%20AI%20Foundry%20authentication%20to%20use%20Entra%20ID%20(DefaultAzureCredential)%5Cn%5Cn-%20Remove%20API%20Key%20authentication%20and%20use%20DefaultAzureCredential%20only%5Cn-%20Fix%20variable%20declaration%20issue%20(const%20project)%5Cn-%20Azure%20AI%20Foundry%20Web%20search%20now%20works%20correctly%20with%20Entra%20authentication%5Cn-%20Tested%20successfully%20with%20both%20debug%20API%20and%20actual%20web%20search%5Cn-%20Resolves%20401%20authentication%20errors%22%7D" X-Client-IP="20.55.87.52" X-Client-Port="43072" >
  <step title="OneDeploy" date="2025-09-10T09:55:58.533" >
    <step title="None repository commit" date="2025-09-10T09:55:58.560" >
      <step title="Commit id: 2261e3d4-cd84-4db1-9468-e305895bf04b" date="2025-09-10T09:55:58.567" Message="N/A" AuthorName="N/A" AuthorEmail="N/A" /><!-- duration: 6ms -->
    </step><!-- duration: 18ms -->
    <step title="Starting PushDeployAsync" date="2025-09-10T09:55:58.584" /><!-- duration: 5ms -->
    <step title="Removing node_modules symlink" date="2025-09-10T09:55:58.623" >
      <step title="Removing _del_node_modules symlink" date="2025-09-10T09:55:58.669" >
        <step title="Writing artifact to /tmp/zipdeploy/980b134a-e1cc-4cdc-a16f-909604fa23e9.zip" date="2025-09-10T09:55:58.684" >
          <step title="Writing multipart request body to /tmp/zipdeploy/980b134a-e1cc-4cdc-a16f-909604fa23e9.zip" date="2025-09-10T09:55:58.691" /><!-- duration: 11ms -->
        </step><!-- duration: 1282ms -->
        <step title="Start deployment in the background" date="2025-09-10T09:55:59.991" >
          <step title="Acquiring Deployment Lock" date="2025-09-10T09:56:00.011" /><!-- duration: 6ms -->
          <step title="Acquired Deployment Lock" date="2025-09-10T09:56:00.076" /><!-- duration: 6ms -->
        </step><!-- duration: 201ms -->
      </step><!-- duration: 1530ms -->
      <step title="Outgoing response" date="2025-09-10T09:56:00.208" type="response" statusCode="202" statusText="Accepted" /><!-- duration: 6ms -->
    </step><!-- duration: 1598ms -->
