<step title="BackgroundTrace" date="2025-09-10T09:58:58.539" instance="730189" url="/deploy" method="POST" >
  <step title="Creating temporary deployment - FetchDeploymentManager" date="2025-09-10T09:58:58.701" /><!-- duration: 4ms -->
  <step title="Creating temporary deployment" date="2025-09-10T09:58:58.719" /><!-- duration: 78ms -->
  <step title="Performing fetch based deployment" date="2025-09-10T09:58:58.896" >
    <step title="Deployment timer started" date="2025-09-10T09:59:06.894" >
      <step title="DeploymentManager.Deploy(id:0469e2da7018a35579f80e20a3ce43d6f4db6366)" date="2025-09-10T09:59:06.900" >
        <step title="Collecting changeset information" date="2025-09-10T09:59:06.930" /><!-- duration: 134ms -->
        <step title="Updating submodules" date="2025-09-10T09:59:07.075" /><!-- duration: 1161ms -->
        <step title="Determining deployment builder" date="2025-09-10T09:59:08.485" >
          <step title="Builder is BasicBuilder" date="2025-09-10T09:59:08.492" /><!-- duration: 13ms -->
        </step><!-- duration: 25ms -->
        <step title="PreDeployment: context.CleanOutputPath False" date="2025-09-10T09:59:08.572" >
          <step title="PreDeployment: context.OutputPath /home/site/wwwroot" date="2025-09-10T09:59:08.711" >
            <step title="Building" date="2025-09-10T09:59:08.874" >
              <step title="Executing external process" date="2025-09-10T09:59:09.186" type="process" path="starter.sh" arguments="/opt/Kudu/Scripts/parallel_rsync.sh /home/site/repository /home/site/wwwroot 8 /tmp/ False True  " /><!-- duration: 9699ms -->
              <step title="Triggering recycle (preview mode disabled)." date="2025-09-10T09:59:19.183" /><!-- duration: 6ms -->
              <step title="Modified file to trigger a restart of the app container." date="2025-09-10T09:59:19.214" /><!-- duration: 6ms -->
              <step title="Skip function trigger and logicapp sync because function is not enabled." date="2025-09-10T09:59:19.228" /><!-- duration: 6ms -->
            </step><!-- duration: 11515ms -->
          </step><!-- duration: 11685ms -->
          <step title="Cleaning up temp files" date="2025-09-10T09:59:20.402" /><!-- duration: 7ms -->
          <step title="Cleaning up temp files" date="2025-09-10T09:59:20.416" /><!-- duration: 507ms -->
          <step title="Reloading status file with latest updates" date="2025-09-10T09:59:20.973" >
            <step title="WebHooksManager.PublishEventAsync: PostDeployment" date="2025-09-10T09:59:20.979" /><!-- duration: 47ms -->
          </step><!-- duration: 58ms -->
          <step title="Cleaning up temporary deployment - fetch deployment was successful" date="2025-09-10T09:59:21.040" /><!-- duration: 6ms -->
        </step><!-- duration: 12571ms -->
      </step><!-- duration: 14267ms -->
