<step title="BackgroundTrace" date="2025-09-10T09:59:41.053" instance="730189" url="/deploy" method="POST" >
  <step title="Creating temporary deployment - FetchDeploymentManager" date="2025-09-10T09:59:41.186" /><!-- duration: 4ms -->
  <step title="Creating temporary deployment" date="2025-09-10T09:59:41.198" /><!-- duration: 97ms -->
  <step title="Performing fetch based deployment" date="2025-09-10T09:59:41.389" >
    <step title="Deployment timer started" date="2025-09-10T09:59:44.520" >
      <step title="DeploymentManager.Deploy(id:0469e2da7018a35579f80e20a3ce43d6f4db6366)" date="2025-09-10T09:59:44.531" >
        <step title="Collecting changeset information" date="2025-09-10T09:59:44.555" /><!-- duration: 117ms -->
        <step title="Updating submodules" date="2025-09-10T09:59:44.755" /><!-- duration: 1284ms -->
        <step title="Determining deployment builder" date="2025-09-10T09:59:46.301" >
          <step title="Builder is BasicBuilder" date="2025-09-10T09:59:46.307" /><!-- duration: 5ms -->
        </step><!-- duration: 18ms -->
        <step title="PreDeployment: context.CleanOutputPath False" date="2025-09-10T09:59:46.389" >
          <step title="PreDeployment: context.OutputPath /home/site/wwwroot" date="2025-09-10T09:59:46.526" >
            <step title="Building" date="2025-09-10T09:59:46.664" >
              <step title="Executing external process" date="2025-09-10T09:59:46.982" type="process" path="starter.sh" arguments="/opt/Kudu/Scripts/parallel_rsync.sh /home/site/repository /home/site/wwwroot 8 /tmp/ False True  " /><!-- duration: 4899ms -->
              <step title="Triggering recycle (preview mode disabled)." date="2025-09-10T09:59:52.137" /><!-- duration: 5ms -->
              <step title="Modified file to trigger a restart of the app container." date="2025-09-10T09:59:52.178" /><!-- duration: 6ms -->
              <step title="Skip function trigger and logicapp sync because function is not enabled." date="2025-09-10T09:59:52.214" /><!-- duration: 5ms -->
            </step><!-- duration: 6420ms -->
          </step><!-- duration: 6571ms -->
          <step title="Cleaning up temp files" date="2025-09-10T09:59:53.103" /><!-- duration: 6ms -->
          <step title="Cleaning up temp files" date="2025-09-10T09:59:53.116" /><!-- duration: 507ms -->
          <step title="Reloading status file with latest updates" date="2025-09-10T09:59:53.672" >
            <step title="WebHooksManager.PublishEventAsync: PostDeployment" date="2025-09-10T09:59:53.678" /><!-- duration: 34ms -->
          </step><!-- duration: 46ms -->
          <step title="Cleaning up temporary deployment - fetch deployment was successful" date="2025-09-10T09:59:53.728" /><!-- duration: 6ms -->
        </step><!-- duration: 7423ms -->
      </step><!-- duration: 9300ms -->
