<step title="Incoming Request" date="2025-09-10T09:59:40.871" instance="730189" url="/deploy?scmType=ExternalGit&amp;isAsync=true" method="POST" type="request" pid="821,1,6" Host="fujibogpt1.scm.azurewebsites.net" User-Agent="Azure-WebSites-Controller/105.0.7.92" Authorization="Bas..." Expect="100-continue" Content-Length="73" x-ms-request-id="3a680c14-162f-418e-b0ed-212770a2943c" X-ARR-LOG-ID="3a680c14-162f-418e-b0ed-212770a2943c" CLIENT-IP="20.43.67.39:4738" X-SITE-DEPLOYMENT-ID="fujibogpt1" WAS-DEFAULT-HOSTNAME="fujibogpt1.scm.azurewebsites.net" X-MS-PLATFORM-INTERNAL="True" X-Forwarded-Proto="https" X-AppService-Proto="https" X-Forwarded-TlsVersion="1.3" X-WAWS-Unencoded-URL="/deploy?scmType=ExternalGit&amp;isAsync=true" X-Client-IP="20.43.67.39" X-Client-Port="4738" >
  <step title="Cleanup Xml Logs" date="2025-09-10T09:59:40.876" /><!-- duration: 8ms -->
  <step title="FetchHandler" date="2025-09-10T09:59:40.897" >
    <step title="Executing external process" date="2025-09-10T09:59:40.914" type="process" path="git" arguments="rev-parse --git-dir" /><!-- duration: 29ms -->
    <step title="Executing external process" date="2025-09-10T09:59:40.949" type="process" path="git" arguments="rev-parse --git-dir" /><!-- duration: 31ms -->
    <step title="Executing external process" date="2025-09-10T09:59:40.985" type="process" path="git" arguments="log -n 1 main --" /><!-- duration: 56ms -->
    <step title="Start deployment in the background" date="2025-09-10T09:59:41.047" >
      <step title="Executing external process" date="2025-09-10T09:59:41.058" type="process" path="git" arguments="rev-parse --git-dir" /><!-- duration: 12ms -->
      <step title="Executing external process" date="2025-09-10T09:59:41.077" type="process" path="git" arguments="rev-parse --git-dir" /><!-- duration: 19ms -->
      <step title="Executing external process" date="2025-09-10T09:59:41.102" type="process" path="git" arguments="log -n 1 main --" /><!-- duration: 23ms -->
      <step title="Acquiring Deployment Lock" date="2025-09-10T09:59:41.130" /><!-- duration: 5ms -->
      <step title="Acquired Deployment Lock" date="2025-09-10T09:59:41.175" /><!-- duration: 6ms -->
    </step><!-- duration: 254ms -->
  </step><!-- duration: 410ms -->
  <step title="Outgoing response" date="2025-09-10T09:59:41.312" type="response" statusCode="202" statusText="Accepted" /><!-- duration: 5ms -->
</step><!-- duration: 452ms -->
