﻿<?xml version="1.0" encoding="utf-8"?>
<deployment>
  <id>f03d81f1-1ba4-4567-ba1a-fad22b3cda3d</id>
  <author>N/A</author>
  <deployer>OneDeploy</deployer>
  <authorEmail>N/A</authorEmail>
  <message>OneDeploy</message>
  <progress></progress>
  <status>Success</status>
  <statusText></statusText>
  <lastSuccessEndTime>2025-09-17T10:17:21.9558884Z</lastSuccessEndTime>
  <receivedTime>2025-09-17T10:17:10.5431364Z</receivedTime>
  <startTime>2025-09-17T10:17:11.9263019Z</startTime>
  <endTime>2025-09-17T10:17:21.9558884Z</endTime>
  <complete>True</complete>
  <is_temp>False</is_temp>
  <is_readonly>True</is_readonly>
  <buildSummary />
</deployment>