<step title="Incoming Request" date="2025-09-10T09:58:57.575" instance="730189" url="/deploy?scmType=ExternalGit&amp;isAsync=true" method="POST" type="request" pid="821,1,5" Host="fujibogpt1.scm.azurewebsites.net" User-Agent="Azure-WebSites-Controller/105.0.7.92" Authorization="Bas..." Expect="100-continue" Content-Length="73" x-ms-request-id="330aaec9-aa28-4272-bed5-68bdb7e2baa6" X-ARR-LOG-ID="330aaec9-aa28-4272-bed5-68bdb7e2baa6" CLIENT-IP="20.43.67.39:4288" X-SITE-DEPLOYMENT-ID="fujibogpt1" WAS-DEFAULT-HOSTNAME="fujibogpt1.scm.azurewebsites.net" X-MS-PLATFORM-INTERNAL="True" X-Forwarded-Proto="https" X-AppService-Proto="https" X-Forwarded-TlsVersion="1.3" X-WAWS-Unencoded-URL="/deploy?scmType=ExternalGit&amp;isAsync=true" X-Client-IP="20.43.67.39" X-Client-Port="4288" >
  <step title="FetchHandler" date="2025-09-10T09:58:57.589" >
    <step title="GitExeRepository.Initialize" date="2025-09-10T09:58:57.622" >
      <step title="Executing external process" date="2025-09-10T09:58:57.632" type="process" path="git" arguments="init" /><!-- duration: 320ms -->
      <step title="Executing external process" date="2025-09-10T09:58:57.958" type="process" path="git" arguments="config core.autocrlf false" /><!-- duration: 46ms -->
      <step title="Executing external process" date="2025-09-10T09:58:58.010" type="process" path="git" arguments="config core.preloadindex true" /><!-- duration: 44ms -->
      <step title="Executing external process" date="2025-09-10T09:58:58.060" type="process" path="git" arguments="config user.name &quot;unknown&quot;" /><!-- duration: 24ms -->
      <step title="Executing external process" date="2025-09-10T09:58:58.092" type="process" path="git" arguments="config user.email &quot;unknown&quot;" /><!-- duration: 28ms -->
      <step title="Executing external process" date="2025-09-10T09:58:58.126" type="process" path="git" arguments="config filter.lfs.clean &quot;git-lfs clean %f&quot;" /><!-- duration: 36ms -->
      <step title="Executing external process" date="2025-09-10T09:58:58.168" type="process" path="git" arguments="config filter.lfs.smudge &quot;git-lfs smudge %f&quot;" /><!-- duration: 25ms -->
      <step title="Executing external process" date="2025-09-10T09:58:58.199" type="process" path="git" arguments="config filter.lfs.required true" /><!-- duration: 24ms -->
      <step title="Configure git server" date="2025-09-10T09:58:58.254" >
        <step title="Executing external process" date="2025-09-10T09:58:58.262" type="process" path="git" arguments="config receive.denyCurrentBranch ignore" /><!-- duration: 39ms -->
      </step><!-- duration: 53ms -->
      <step title="Create deny users for .git folder" date="2025-09-10T09:58:58.312" /><!-- duration: 25ms -->
      <step title="Configure git-credential" date="2025-09-10T09:58:58.343" >
        <step title="Executing external process" date="2025-09-10T09:58:58.366" type="process" path="git" arguments="config credential.helper &quot;!&apos;/home/site/repository/.git/hooks/git-credential-invalid.sh&apos;&quot;" /><!-- duration: 34ms -->
      </step><!-- duration: 63ms -->
      <step title="Setup post receive hook" date="2025-09-10T09:58:58.411" >
        <step title="Non-Windows enviroment, granting 755 permission to post-receive hook file" date="2025-09-10T09:58:58.438" /><!-- duration: 15ms -->
      </step><!-- duration: 47ms -->
    </step><!-- duration: 841ms -->
    <step title="Executing external process" date="2025-09-10T09:58:58.470" type="process" path="git" arguments="log -n 1 main --" >
      <step title="Process dump" date="2025-09-10T09:58:58.501" exitCode="128" type="processOutput" /><!-- duration: 11ms -->
    </step><!-- duration: 54ms -->
    <step title="Start deployment in the background" date="2025-09-10T09:58:58.532" >
      <step title="Executing external process" date="2025-09-10T09:58:58.545" type="process" path="git" arguments="rev-parse --git-dir" /><!-- duration: 15ms -->
      <step title="Executing external process" date="2025-09-10T09:58:58.566" type="process" path="git" arguments="rev-parse --git-dir" /><!-- duration: 15ms -->
      <step title="Executing external process" date="2025-09-10T09:58:58.589" type="process" path="git" arguments="log -n 1 main --" >
        <step title="Process dump" date="2025-09-10T09:58:58.612" exitCode="128" type="processOutput" /><!-- duration: 6ms -->
      </step><!-- duration: 34ms -->
      <step title="Acquiring Deployment Lock" date="2025-09-10T09:58:58.629" /><!-- duration: 6ms -->
      <step title="Acquired Deployment Lock" date="2025-09-10T09:58:58.687" /><!-- duration: 8ms -->
    </step><!-- duration: 270ms -->
  </step><!-- duration: 1220ms -->
  <step title="Outgoing response" date="2025-09-10T09:58:58.816" type="response" statusCode="202" statusText="Accepted" /><!-- duration: 6ms -->
</step><!-- duration: 1254ms -->
