<step title="Incoming Request" date="2025-09-10T06:39:15.792" instance="730189" url="/api/publish?async=true&amp;deployer=GITHUB_ONE_DEPLOY&amp;type=zip&amp;message=%7B%22type%22%3A%22deployment%22%2C%22sha%22%3A%22003b8712a8d21b5516750ea11f143235160a7cdf%22%2C%22repoName%22%3A%22emoconne%2Fdebug%22%2C%22actor%22%3A%22emoconne%22%2C%22slotName%22%3A%22production%22%2C%22commitMessage%22%3A%22Fix%20Azure%20AI%20Foundry%20configuration%20and%20remove%20Key%20Vault%20dependencies%5Cn%5Cn-%20Remove%20Key%20Vault%20references%20from%20Bicep%20template%20for%20Azure%20AI%20Foundry%20settings%5Cn-%20Update%20App%20Service%20environment%20variables%20to%20use%20direct%20values%5Cn-%20Add%20app-service-debug%20API%20endpoint%20for%20troubleshooting%5Cn-%20Improve%20Azure%20AI%20Foundry%20authentication%20with%20Managed%20Identity%20support%5Cn-%20Update%20bing-search-debug%20endpoint%20for%20better%20error%20handling%5Cn-%20Configure%20Azure%20AI%20Foundry%20with%20placeholder%20values%20for%20security%22%7D" method="POST" type="request" pid="821,1,5" Host="fujibogpt1.scm.azurewebsites.net" User-Agent="GITHUBACTIONS_DeployWebAppToAzure_1937e6133b307348091f23813579e0adfb6dd82158d54b50e4d3ddc3dd957289" Authorization="Bea..." Content-Type="application/octet-stream" Cookie="ARRAffinity=730189150626e653708fea45869173b4ebb92511c6502db94b4f8004b34a54cc;Path=/;HttpOnly;Secure;Domain=fujibogpt1.scm.azurewebsites.net; ARRAffinitySameSite=730189150626e653708fea45869173b4ebb92511c6502db94b4f8004b34a54cc;Path=/;HttpOnly;SameSite=None;Secure;Domain=fujibogpt1.scm.azurewebsites.net" Transfer-Encoding="chunked" X-ARR-LOG-ID="10b01ba5-e801-465c-9a2b-009c74be9690" CLIENT-IP="48.214.54.36:5152" X-SITE-DEPLOYMENT-ID="fujibogpt1" WAS-DEFAULT-HOSTNAME="fujibogpt1.scm.azurewebsites.net" X-Forwarded-Proto="https" X-AppService-Proto="https" X-Forwarded-TlsVersion="1.3" X-WAWS-Unencoded-URL="/api/publish?async=true&amp;deployer=GITHUB_ONE_DEPLOY&amp;type=zip&amp;message=%7B%22type%22%3A%22deployment%22%2C%22sha%22%3A%22003b8712a8d21b5516750ea11f143235160a7cdf%22%2C%22repoName%22%3A%22emoconne%2Fdebug%22%2C%22actor%22%3A%22emoconne%22%2C%22slotName%22%3A%22production%22%2C%22commitMessage%22%3A%22Fix%20Azure%20AI%20Foundry%20configuration%20and%20remove%20Key%20Vault%20dependencies%5Cn%5Cn-%20Remove%20Key%20Vault%20references%20from%20Bicep%20template%20for%20Azure%20AI%20Foundry%20settings%5Cn-%20Update%20App%20Service%20environment%20variables%20to%20use%20direct%20values%5Cn-%20Add%20app-service-debug%20API%20endpoint%20for%20troubleshooting%5Cn-%20Improve%20Azure%20AI%20Foundry%20authentication%20with%20Managed%20Identity%20support%5Cn-%20Update%20bing-search-debug%20endpoint%20for%20better%20error%20handling%5Cn-%20Configure%20Azure%20AI%20Foundry%20with%20placeholder%20values%20for%20security%22%7D" X-Client-IP="48.214.54.36" X-Client-Port="5152" >
  <step title="OneDeploy" date="2025-09-10T06:39:15.887" >
    <step title="None repository commit" date="2025-09-10T06:39:15.902" >
      <step title="Commit id: 1f68efa3-32db-47f3-a109-8b03bfc1e6ec" date="2025-09-10T06:39:15.910" Message="N/A" AuthorName="N/A" AuthorEmail="N/A" /><!-- duration: 6ms -->
    </step><!-- duration: 21ms -->
    <step title="Starting PushDeployAsync" date="2025-09-10T06:39:15.929" /><!-- duration: 6ms -->
    <step title="Writing artifact to /tmp/zipdeploy/02d03eaf-6289-44d6-8540-88a55d6a9d50.zip" date="2025-09-10T06:39:15.952" >
      <step title="Writing multipart request body to /tmp/zipdeploy/02d03eaf-6289-44d6-8540-88a55d6a9d50.zip" date="2025-09-10T06:39:15.959" /><!-- duration: 26ms -->
    </step><!-- duration: 1203ms -->
    <step title="Start deployment in the background" date="2025-09-10T06:39:17.197" >
      <step title="Acquiring Deployment Lock" date="2025-09-10T06:39:17.242" /><!-- duration: 13ms -->
      <step title="Acquired Deployment Lock" date="2025-09-10T06:39:17.322" /><!-- duration: 12ms -->
    </step><!-- duration: 340ms -->
  </step><!-- duration: 1667ms -->
  <step title="Outgoing response" date="2025-09-10T06:39:17.576" type="response" statusCode="202" statusText="Accepted" /><!-- duration: 43ms -->
</step><!-- duration: 1837ms -->
